;Stammdatenexport Flotte (synthetisch);Stand 30.09.2025;;;;;;;;;;;;;;;;;;;;;;;;;;;;;;;;;;;;;;;;
;;;;;;;;;;;;;;;;;;;;;;;;;;;;;;;;Kilometerst‰nde je Stichtag;;;;;;;;;;
Objektnr.;Kennzeichen;Fahrgestell-Nr.;Marke;Modell;Antrieb;Fahrzeug Typ;kW;CO2 g/km (WLTP);Erstzulassung;Status;abgemeldet per;Leasinggeber;Vertragsbeginn;Vertragsende;Vertragsende urspr¸nglich;Vertrag verl‰ngert;Laufzeit (Monate);Laufleistung gesamt (km);Freikilometer;Mehrkilometer (EUR/km);Minderkilometer (EUR/km);Leasingrate exkl. MwSt;davon Servicerate;Anschaffungswert inkl. MwSt;Fahrer (Nach- und Vorname);Fahrerkategorie;Kostenstelle;Standort;Ladekarte Nr.;Ladung@home;‹berpr¸fung f‰llig;km-Stand per 31.12.2021;km-Stand per 30.06.2022;km-Stand per 31.12.2022;km-Stand per 30.06.2023;km-Stand per 31.12.2023;km-Stand per 30.06.2024;km-Stand per 31.12.2024;km-Stand per 30.06.2025;km-Stand per 30.09.2025;km-Stand per 31.12.2025;Bemerkung
383810;G 123AB;WBASWRNKBCS7E63N1;BMW;Klasse 5 - X1 16d sDrive;D;ICE;89;0;13.12.2017;aktiv;;Arval;01.01.2018;01.02.2022;01.02.2022;;49;;7 500;0,0765;0,0765;358,49;113,27;46 036,37;Steiner Manfred;Auﬂendienst;201712;Klagenfurt;;;;132 174;;;;;;;;;;Poolfahrzeug
314592;W 45678C;;SEAT;LEON Kombi;D;ICE;110;;22.02.2022;aktiv;;SHS;08.03.2022;08.03.2025;08.03.2025;;36;75 000;10 000;0,5218;0,5218;672,80;166,43;29 634,11;Wimmer Josef;Auﬂendienst;201819;Graz;;;;;10 511;;38 588;53 366;39 099;88 601;;;;
303278;K 9012D;;SKODA;SUPERB;D;ICE;;;29.03.2021;aktiv;;Arval;02.04.2021;02.09.2024;02.09.2024;;41;185 000;;;;589,18;228,25;36 704,05;Eder Karl;Auﬂendienst;201171;Wien;;;;36 789;57 781;83 514;107 284;77 797;157 689;;;;;
397196;K 8373TX;WBAUXSFU5S61YB8XM;BMW;Klasse E 10.1 - BMW i4 eDrive40;E;BEV;98;;17.03.2020;inaktiv;24.04.2024;Leaseplan;29.03.2020;29.05.2025;29.05.2024;Ja;50;115 000;10 000;0,1276;0,1276;509,69;193,63;29 231,08;Haas Markus;Auﬂendienst;201195;Wien;144643;;;66 713;91 580;98 786;116 893;80 403;166 695;;;;;
336048;SL 344SJ;;BMW;318d;D;;;;20.04.2019;inaktiv;18.04.2023;Leaseplan;27.04.2019;27.04.2023;27.04.2023;;48;95 000;7 500;;;962,09;270,50;17 696,01;Aigner Birgit;Auﬂendienst;201566;Linz;;;;69 828;81 968;51 994;97 052;;;;;;;
332098;K 124XG;;PEUGEOT;508 SW;D;ICE;;;09.12.2020;inaktiv;30.11.2025;Ayvens;19.12.2020;19.12.2026;19.12.2026;;72;105 000;;;;534,58;101,18;29 477,75;Fischer Stefan;Auﬂendienst;201464;Wien;;;;24 325;37 095;50 292;53 868;71 143;83 358;98 518;67 995;113 325;;
329256;S 17651C;WAUUCM75UM48F7Z3Y;AUDI;A4;D;ICE;85;;21.11.2023;aktiv;;Ayvens;28.11.2023;28.11.2028;28.11.2028;;60;185 000;;0,5521;0,5521;920,28;330,37;33 820,00;Kovacs Franz;Auﬂendienst;201465;Wien;;;2027 J‰nner;;;;;5 239;30 658;51 149;83 153;92 500;;
318289;W 591UP;TMBK8V9U377S6K1N9;SKODA;Superb;D;ICE;86;;07.02.2018;inaktiv;09.02.2023;Arval;23.02.2018;23.02.2023;23.02.2023;;60;110 000;7 500;;;332,73;119,90;51 193,44;Reiter Ivan;Auﬂendienst;KST0088;Klagenfurt;;;;114 213;;153 759;;;;;;;;
396530;W 62829R;TMBTY2FY1X8CESVRF;SKODA;Klasse 1 - Octavia;D;;85;140;11.02.2018;inaktiv;31.01.2023;Ayvens;18.02.2018;18.01.2023;18.01.2023;;59;195 000;10 000;0,0866;0,0866;569,27;143,74;42 370,65;Huber Julia;Auﬂendienst;KST0095;Salzburg;;;;167 830;205 177;205 177;;;;;;;;
313434;WU758KG;WBAVVB2UAD8VRZRNT;BMW;520d Touring;D;;110;139;15.04.2020;inaktiv;31.08.2023;Arval;04.05.2020;04.08.2023;04.08.2023;;39;;7 500;;;694,53;122,70;55 103,98;Horvath Julia;Auﬂendienst;KST0124;Salzburg;;;;;118 139;141 634;159 897;;;;;;;
388696;VB 9627AJ;WBA0GR7BXRE6W3HJC;BMW;320d;D;;94;;07.02.2020;inaktiv;27.08.2023;Leaseplan;23.02.2020;23.08.2023;23.08.2023;;42;180 000;10 000;0,0990;0,0990;283,72;68,70;53 201,28;Mayer Georg;Auﬂendienst;201760;Innsbruck;;;;85 275;94 605;115 157;155 762;;;;;;;
397080;W 94446E;VR3HBJAZSXBMTDJ3H;PEUGEOT;508;D;ICE;108;124;27.03.2022;aktiv;;Leaseplan;28.03.2022;28.05.2027;28.05.2027;;62;95 000;10 000;0,1414;0,1414;355,89;140,93;34 083,63;Schuster Julia;Auﬂendienst;201674;Linz;;;2026 J‰nner;;5 539;;26 319;42 040;45 437;62 188;64 929;84 366;;
371482;W 26765M;;SKODA;Klasse 1 - Octavia;D;;110;;22.07.2022;aktiv;;Leaseplan;10.08.2022;10.09.2027;10.09.2027;;61;100 000;7 500;;;549,35;147,54;21 031,66;Ebner Sophie;Auﬂendienst;KST0095;Innsbruck;;;;;;8 578;17 835;28 977;37 965;46 859;55 004;59 519;;
311395;WU 613EV;TMB136YL0WXFDKLDF;SKODA;Klasse 1 - Octavia;D;;110;;05.04.2023;aktiv;;Ayvens;08.04.2023;08.02.2027;08.02.2027;;46;;7 500;0,0755;0,0755;220,18;73,81;29 093,04;Wolf Katharina;Auﬂendienst;KST0125;Klagenfurt;;;2027 J‰nner;;;;7 518;25 225;41 488;57 632;;;;Austritt 04.08.2024
377397;WU 777KD;WVW0F4GS42F2WYRYL;VW;TOURAN;D;;;124;31.07.2018;inaktiv;27.02.2022;Leaseplan;16.08.2018;16.02.2022;16.02.2022;;42;;7 500;0,1584;0,1584;136,70;31,60;46 414,26;Mayr Petra;Auﬂendienst;KST0075;Wien;;;;1 281 760;;;;;;;;;;
355302;KL 25881B;W0V916C5NX79KD5GY;OPEL;ASTRA WF;D;;82;0;30.08.2024;aktiv;;Arval;13.09.2024;13.02.2029;13.02.2029;;53;260 000;10 000;0,2146;0,2146;671,53;113,61;84 023,59;Wallner Nina;Auﬂendienst;KST0086;Innsbruck;;;2027 Oktober;;;;;;;14 825;37 803;52 488;;
304165;P 259NX;W0VF490B0WMPY8NRJ;OPEL;ASTRA WF;D;ICE;;;07.07.2025;aktiv;;Arval;26.07.2025;26.07.2029;26.07.2029;;48;80 000;10 000;0,1848;0,1848;651,85;206,98;34 251,46;Aigner Nina;Auﬂendienst;KST0129;Wien;;;2026 M‰rz;;;;;;;;;6 168;;Winterreifen im Depot
303905;BN 9252FJ;VSS5ZB3D290S1F0RB;SEAT;ALHAMBRA;D;ICE;85;42;05.03.2023;aktiv;;Leaseplan;14.03.2023;14.03.2027;14.03.2027;;48;130 000;7 500;0,5241;0,5241;759,23;141,85;19 453,97;Binder Birgit;Auﬂendienst;KST0128;Wien;;;;;;;12 743;35 024;52 375;69 107;;103 214;;‹bernahme Eder Petra ab 15.07.2024
312280;KL 76516C;WBAYJCZYM67MJE6CV;BMW;Klasse 5 - X1 16d sDrive;D;ICE;;140;07.12.2022;aktiv;;Leaseplan;10.12.2022;10.03.2026;10.03.2026;;39;105 000;10 000;;;340,69;107,07;29 877,86;Egger Elena;Auﬂendienst;KST0074;Linz;;;2026 Dezember;;;;16 696;30 601;48 140;69 100;83 043;83 043;;
328657;G 127MT;;AUDI;A5;D;;;57;20.10.2019;inaktiv;30.11.2025;Ayvens;25.10.2019;25.03.2026;25.03.2026;;77;145 000;;0,1954;0,1954;894,32;166,07;36 846,78;Haas Petra;Auﬂendienst;201380;Klagenfurt;;;;57 494;78 617;81 408;94 693;110 239;116 363;136 592;163 658;163 658;;
330495;BN 23283Z;TMBEVWLM09RHNJS8B;SKODA;SUPERB;D;;110;;01.02.2018;inaktiv;22.02.2022;SHS;16.02.2018;16.02.2022;16.02.2022;;48;110 000;10 000;0,7818;0,7818;1 020,85;359,98;24 868,34;Pichler Andrea;Auﬂendienst;201736;Klagenfurt;;;;121 924;;;;;;;;;;
366237;P 935FF;WAUFTNUJWF9LKLYCB;AUDI;Klasse 7.1 - A4 Avant;H/B;PHEV;;136;20.08.2025;aktiv;;Leaseplan;31.08.2025;31.08.2031;31.08.2031;;72;270 000;7 500;0,1367;0,1367;842,97;173,96;27 383,86;Koller Josef;Auﬂendienst;KST0130;Linz;;;2027 Juli;;;;;;;;;4 801;;
378907;MD 32157W;WBAXNL8968W8BF296;BMW;Klasse E 5 - BMW iX1 eDrive 20;E;BEV;88;;01.03.2024;aktiv;;Leaseplan;16.03.2024;16.03.2028;16.03.2028;;48;;7 500;;;344,15;126,07;20 344,59;Lechner Ali;Auﬂendienst;KST0063;Innsbruck;173695;;2027 Dezember;;;;;;9 349;21 035;34 314;;;
303478;GU569TU;WVW3WB7TRD7L1KSCH;VW;Klasse 3 - Passat;D;;;;18.01.2021;inaktiv;30.11.2025;Ayvens;04.02.2021;04.02.2026;04.02.2026;;60;135 000;;0,1140;0,1140;561,60;126,33;32 065,56;Eder Josef;Auﬂendienst;201482;Wien;;;;31 895;50 371;62 370;;92 204;125 953;126 533;142 124;155 960;;
373563;W 63515Z;TMBNUUJGSSDRRDG3Y;SKODA;SUBERB;D;;85;0;25.02.2021;inaktiv;30.11.2025;Ayvens;14.03.2021;14.08.2027;14.08.2027;;77;255 000;7 500;;;383,49;99,94;63 588,77;Brunner Ali;Auﬂendienst;KST0086;Salzburg;;;;30 417;46 248;72 434;89 010;106 505;120 086;150 800;150 800;167 133;;
326062;BN 1152LK;W1K6UNHYL6TMAYVNM;MERCEDES;GLA 180;D;ICE;110;;01.06.2016;inaktiv;30.10.2021;Ayvens;06.06.2016;06.11.2021;06.11.2021;;65;145 000;7 500;0,4737;0,4737;997,63;285,15;30 257,44;Egger Eva;Auﬂendienst;KST0091;Graz;;;;124 781;;;;;;;;;;Winterreifen im Depot
393850;LL 94429R;WBA9NKLX5HP8F95D6;BMW;X1 18d sDrive;D;ICE;;;16.10.2017;inaktiv;24.11.2023;Ayvens;28.10.2017;28.10.2023;28.10.2023;;72;245 000;;0,0571;0,0571;558,82;94,73;36 478,65;Nguyen Peter;Auﬂendienst;KST0050;Graz;;;;211 619;223 372;224 036;277 878;283 297;;;;;;
385181;VB 6787NC;WBA2JRABW641RS6ZK;BMW;Klasse E 10 - BMW i4 xDrive40;E;BEV;181;;09.10.2016;inaktiv;30.07.2021;Arval;24.10.2016;24.09.2021;24.09.2021;;59;;10 000;;;288,28;105,24;24 342,92;Kovacs Josef;Auﬂendienst;201910;Wien;155597;;;;;;;;;;;;;Karenz ab J‰nner 2025
391924;KL 379SB;WBAKW1M7SRWK6D33J;BMW;X1;D;ICE;89;;28.08.2024;aktiv;;Leaseplan;06.09.2024;06.09.2028;06.09.2028;;48;210 000;10 000;0,1070;0,1070;862,45;274,12;32 848,63;Schmidt Claudia;Auﬂendienst;201052;Linz;;;2026 Dezember;;;;;;;16 361;46 382;54 036;;‹bernahme Lehner Sophie ab 11.08.2023
371426;P 59753G;WVWYT886LZLJ8MDCE;VW;Klasse 2.3 - GOLF Variant;D;ICE;110;80;11.10.2022;inaktiv;07.06.2025;Arval;17.10.2022;17.06.2025;17.06.2025;;32;80 000;7 500;;;335,31;98,06;28 024,09;Kaya Petra;Auﬂendienst;201382;Wien;;;;;;6 812;23 127;43 183;59 235;69 863;88 800;;;
354987;VB 127NN;W0VYGCRP7UCEUCMXB;OPEL;INSIGNIA;D;;110;133;25.05.2022;aktiv;;Ayvens;25.05.2022;25.11.2025;25.11.2025;;42;60 000;7 500;6,99;0,0699;435,27;134,58;22 265,74;Leitner Christian;Auﬂendienst;201693;Salzburg;;;2026 Dezember;;2 477;13 142;24 173;38 129;47 414;60 093;74 347;75 007;;
328893;I 662CA;;SKODA;KAROQ 4x4;D;;110;;29.06.2022;aktiv;;Leaseplan;18.07.2022;18.10.2027;18.10.2027;;63;310 000;;;;422,78;143,89;23 188,67;Ebner Claudia;Auﬂendienst;201884;Innsbruck;;;2027 Juli;;131;25 511;55 027;78 717;92 751;134 096;138 890;171 224;;
358878;W 867XW;TMB2XV8SX1U20HNMB;SKODA;SUBERB;D;ICE;107;93;13.09.2022;aktiv;;Leaseplan;17.09.2022;17.10.2026;17.10.2026;;49;;;12,96;0,1296;365,14;109,84;42 319,84;Brunner Mehmet;Auﬂendienst;KST0082;Wien;;;2027 J‰nner;;;6 695;19 703;33 190;42 151;53 564;59 182;76 466;;
377236;W 17672A;TMB50269KZB7GV3FH;SKODA;SUPERB;D;ICE;110;;30.05.2016;inaktiv;09.07.2021;Leaseplan;10.06.2016;10.06.2021;10.06.2021;;60;120 000;7 500;0,1502;0,1502;348,48;96,76;46 905,83;Wallner Ali;Auﬂendienst;KST0107;Salzburg;;;;;;;;;;;;;;Karenz ab September 2025
336463;P 48258T;W1KMWFJXHSWHM0K91;MERCEDES;CLA 220d;D;;86;;05.06.2023;aktiv;;Leaseplan;12.06.2023;12.06.2028;12.06.2028;;60;;7 500;0,1111;0,1111;499,09;151,14;39 821,32;Yilmaz Sarah;Auﬂendienst;KST0067;Wien;;;2027 September;;;;2 484;19 627;33 417;52 131;75 966;85 267;;Poolfahrzeug
300851;VB 92259M;WBAGSWC5TZF5HSPZ4;BMW;318d;D;;;;01.01.2025;aktiv;;Leaseplan;01.01.2025;01.01.2029;01.01.2029;;48;;;0,1427;0,1427;661,87;106,17;27 263,87;Wagner Florian;Auﬂendienst;201172;Salzburg;;;;;;;;;;;10 371;;;
399458;W 6886VA;;SEAT;ALHAMBRA;D;ICE;88;;12.08.2020;inaktiv;19.07.2024;Leaseplan;13.08.2020;13.08.2024;13.08.2024;;48;65 000;10 000;0,1126;0,1126;574,02;151,89;28 994,59;Schwarz Daniel;Auﬂendienst;KST0112;Salzburg;;;;27 691;35 653;43 202;54 185;69 167;73 975;;;;;
320926;W 81162P;WVWGX0WJ1JKEAL5ZP;VW;Klasse 4.1 - Touran;D;;86;;20.10.2021;aktiv;;Arval;03.11.2021;03.10.2026;03.10.2026;;59;320 000;10 000;;;435,95;90,34;51 532,70;Pichler Eva;Auﬂendienst;KST0099;Salzburg;;;;9 553;37 586;58 689;88 190;100 870;142 091;159 084;171 285;182 280;;
391506;GU 769YF;;BMW;Klasse E 10 - BMW i4 xDrive40;E;BEV;;;24.10.2022;inaktiv;30.11.2025;Leaseplan;02.11.2022;02.03.2027;02.03.2026;Ja;40;120 000;7 500;;;899,06;308,01;21 067,17;Egger Ivan;Auﬂendienst;201785;Innsbruck;158250;;;;;7 970;31 524;49 170;69 863;87 509;105 949;123 714;;
355392;W 414CP;TMBMHAJAL8ZTL0JUH;SKODA;Klasse 1 - Octavia;D;;73;11;28.09.2017;inaktiv;27.05.2020;Leaseplan;15.10.2017;15.06.2020;15.06.2020;;32;105 000;;;;426,23;128,81;43 169,10;Koller Andrea;Auﬂendienst;201056;Klagenfurt;;;;;;;;;;;;;;
344597;BN 85562U;WVW608NSKA3BRZAYA;VW;MULTIVAN;D;ICE;100;28;15.09.2021;inaktiv;22.07.2025;Leaseplan;15.09.2021;15.09.2025;15.09.2025;;48;;10 000;0,1049;0,1049;114,62;22,94;81 424,83;Brunner Mehmet;Innendienst;201145;Linz;;;;820;2 139;4 031;5 053;7 425;8 890;9 103;10 321;;;‹bernahme Fischer Nina ab 27.02.2024
336421;G 24323D;TMBP5W6THFLWCPXKF;SKODA;OCTAVIA;D;ICE;215;;19.06.2017;inaktiv;03.06.2021;Leaseplan;26.06.2017;26.06.2021;26.06.2021;;48;110 000;7 500;;;424,71;97,05;29 638,96;Berger Maria;Innendienst;201569;Graz;;;;;;;;;;;;;;Karenz ab Mai 2023
320379;GU 458PU;WBASB1Z78Z9X1UMBX;BMW;X3 30e;D;ICE;73;15;03.04.2022;aktiv;;Arval;03.04.2022;03.04.2026;03.04.2026;;48;100 000;;;;205,44;45,19;33 314,26;Mayr Andreas;Innendienst;KST0080;Linz;;;2026 Dezember;;5 476;14 632;23 991;36 571;47 621;57 509;74 524;74 524;;
328221;W 14419S;WAUXDBKKH0E02GYWX;AUDI;Klasse 7 - A4 quattro;D;ICE;;;22.12.2017;inaktiv;13.04.2023;SHS;29.12.2017;29.03.2023;29.03.2023;;63;210 000;7 500;0,1101;0,1101;377,64;114,63;47 368,72;Lechner Wolfgang;Auﬂendienst;201710;Salzburg;;;;154 919;187 065;202 648;211 390;;;;;;;Karenz ab September 2025
344118;WU 78737S;WVWRL5ECVBXTGEYL1;VW;PASSAT;D;ICE;;;44694;inaktiv;30.11.2025;SHS;14.05.2022;14.11.2026;14.11.2026;;54;190 000;10 000;0,1973;0,1973;385,43;93,98;79 749,33;Reiter Ali;Auﬂendienst;KST0071;Innsbruck;;;;;6 154;30 373;53 269;75 695;110 619;131 625;;162 452;;Winterreifen im Depot
313396;G 97367M;TMBDKGFZ3RD137S7W;SKODA;OCTAVIA;D;;;133;45261;aktiv;;Ayvens;16.12.2023;16.12.2028;16.12.2028;;60;115 000;7 500;0,0946;0,0946;423,20;91,34;54 130,34;Koller Petra;Auﬂendienst;201177;Wien;;;;;;;;;14 286;26 178;40 028;48 155;;
312156;K 259MP;WBAK2C2YSD7U0BYWW;BMW;528 I;D;ICE;109;0;03.09.2022;inaktiv;21.11.2025;SHS;11.09.2022;11.12.2025;11.12.2025;;39;;7 500;0,0423;0,0423;398,14;108,05;25 011,58;Petrovic Herbert;Auﬂendienst;KST0103;Wien;;;;;;15 869;41 100;70 700;92 428;115 424;144 945;168 793;;Poolfahrzeug
349797;G 251NB;WVWRPU39BA7JMARTW;VW;PASSAT;D;ICE;110;;30.12.2022;aktiv;;SHS;04.01.2023;04.01.2026;04.01.2026;;36;110 000;10 000;;;695,05;239,76;51 020,68;Auer Martin;Auﬂendienst;KST0116;Innsbruck;;;2026 September;;;122;22 794;44 219;58 409;87 725;115 355;115 355;;
312676;WU 31855P;WAUR7Z9WLMVG7JTMY;AUDI;A4 AVANT 35 TDI s Line;D;;88;;13.06.2024;aktiv;;SHS;15.06.2024;15.07.2028;15.07.2028;;49;85 000;10 000;0,1484;0,1484;400,23;63,57;32 225,30;Reiter Lukas;Auﬂendienst;KST0065;Klagenfurt;;;2026 Juli;;;;;;1 138;13 110;22 628;32 720;;
347052;MD 33823W;;PEUGEOT;308 SW;D;;;;16.07.2017;inaktiv;05.12.2022;Leaseplan;22.07.2017;22.12.2022;22.12.2022;;65;175 000;10 000;0,1161;0,1161;519,52;130,32;30 135,95;Wallner Thomas;Auﬂendienst;KST0081;Graz;;;;154 393;166 741;;;;;;;;;
345082;L 714HE;WVWC1TDDGBDH351HT;VW;SHARAN;D;;86;129;06.05.2019;inaktiv;13.04.2022;LeasePlan;15.05.2019;15.04.2022;15.04.2022;;35;120 000;7 500;;;575,77;171,25;40 961,47;Kovacs Nina;Auﬂendienst;201140;Innsbruck;;;;96 445;99 335;;;;;;;;;
379131;W 28329C;W1KDGMCV0X4HGCAJL;MERCEDES;Klasse 6 - CLA200d;D;;139;9;29.03.2018;inaktiv;12.04.2022;Arval;06.04.2018;06.04.2022;06.04.2022;;48;85 000;10 000;0,7223;0,7223;757,73;235,72;31 207,83;Reiter Sarah;Auﬂendienst;KST0108;Linz;;;;102 445;;;;;;;;;;
334671;W 469TZ / L 942CY / LL 611CN;TMBKDAL978LE8XSYU;SKODA;SUPERB;D;;;;01.03.2022;aktiv;;Arval;06.03.2022;06.03.2026;06.03.2026;;48;210 000;7 500;0,1684;0,1684;418,03;138,65;31 859,66;Schmid Claudia;Auﬂendienst;201458;Wien;;;;;17 650;45 193;70 196;92 252;126 835;130 631;151 739;;;
305695;GU 14869W;TMBAYZV0GCL8J3GTN;SKODA;OCTAVIA;D;;;70;01.01.2016;inaktiv;20.07.2019;Ayvens;03.01.2016;03.07.2019;03.07.2019;;42;125 000;7 500;0,0789;0,0789;#BEZUG!;136,31;46 731,64;Kaya Daniel;Auﬂendienst;KST0125;Wien;;;;;;;;;;;;;;
395647;P 327YW;W0VU2YV5JJ39WXPNP;OPEL;Astra ST 1.5CDTI 105 Ultimate;D;;92;;17.07.2016;inaktiv;29.01.2020;Arval;03.08.2016;03.02.2020;03.02.2020;;42;130 000;;0,3283;0,3283;447,16;110,08;80 837,00;Horvath Sarah;Auﬂendienst;201330;Wien;;;;;;;;;;;;;;
360217;P 51777Y;TMB5R0NNV5MEMM9H1;SKODA;Octavia (Schalter);D;ICE;;;26.12.2021;inaktiv;30.11.2025;Leaseplan;04.01.2022;04.05.2026;04.05.2026;;52;;;0,0920;0,0920;931,43;152,24;25 835,52;Winkler Anna;Auﬂendienst;201158;Wien;;;;443;16 768;30 410;50 517;60 518;71 365;87 011;115 338;123 684;;ex MAIER
370284;KL 891DY;TMBX1H1TVB09958CV;SKODA;Klasse 1 - Octavia;D;ICE;87;;02.04.2025;aktiv;;SHS;04.04.2025;04.09.2031;04.09.2031;;77;120 000;10 000;0,1591;0,1591;423,16;159,16;26 036,24;Aigner Elena;Auﬂendienst;KST0130;Graz;;;;;;;;;;;5 039;9 515;;
316361;WU 924JP;TMBHAECEZ9GVWFV51;SKODA;OCTAVIA;H/B;PHEV;110;;22.10.2016;inaktiv;30.09.2019;Ayvens;26.10.2016;26.11.2019;26.11.2019;;37;;;;;425,34;106,81;25 073,54;Egger Elena;Auﬂendienst;201305;Salzburg;;;;;;;;;;;;;;
349615;S 663YX;VR3WK0X4LAXSR4U0J;PEUGEOT;5008;D;ICE;96;;20.02.2022;inaktiv;30.11.2025;Ayvens;22.02.2022;22.02.2027;22.02.2027;;60;155 000;10 000;0,1069;0,1069;272,31;83,02;46 324,94;Lechner Sophie;Auﬂendienst;201083;Linz;;;;;12 586;33 508;47 638;;94 289;110 033;116 928;130 583;;
310328;S 983MN;TMBF209ASL9J5LMK7;SKODA;Klasse 1 - Octavia;D;;75;0;17.03.2016;inaktiv;22.04.2020;Leaseplan;02.04.2016;02.04.2021;02.04.2020;Ja;48;140 000;7 500;0,0843;0,0843;735,03;218,60;28 104,34;Kovacs Michael;Auﬂendienst;201397;Klagenfurt;;;;;;;;;;;;;;
372357;S 193RF;WVW0HR3YH777PL3BS;VW;Klasse 4.1 - Touran;D;ICE;;0;13.04.2024;aktiv;;Arval;21.04.2024;21.05.2027;21.05.2027;;37;95 000;10 000;;;233,04;72,44;19 518,58;Koller Petra;Auﬂendienst;KST0073;Innsbruck;;;2026 Oktober;;;;;;6 415;25 761;39 047;46 572;;
338427;W922SY;VSS430C4R71ZG4JT7;SEAT;ALHAMBRA;D;;151;;17.04.2022;aktiv;;Ayvens;30.04.2022;30.04.2028;30.04.2028;;72;200 000;7 500;;;749,78;213,55;35 822,09;Winkler Thomas;Auﬂendienst;201007;Wien;;;2027 Oktober;;8 644;28 578;46 431;64 203;96 479;108 805;120 254;;;Poolfahrzeug
382397;LL 483DG;VR3L1AFK74FETR0FC;PEUGEOT;308 SW;D;;174;;14.04.2018;inaktiv;06.06.2022;Arval;27.04.2018;27.05.2022;27.05.2022;;49;125 000;7 500;0,1757;0,1757;405,14;95,05;29 375,90;Haas Sabine;Innendienst;201655;Klagenfurt;;;;108 381;132 762;;;;;;;;;
381070;W 5448NV;;OPEL;ZAFIRA;D;;192;169;13.10.2021;inaktiv;10.03.2025;SHS;20.10.2021;20.02.2025;20.02.2025;;40;;;;;349,43;87,98;48 671,02;Koller Martin;Auﬂendienst;201576;Klagenfurt;;;;1 430;5 337;8 450;12 193;14 370;18 435;24 738;;;;
347400;K 484HH;VSSKGHF8AC70X8U8M;SEAT;ALHAMBRA;D;ICE;158;;27.06.2022;aktiv;;Leaseplan;05.07.2022;05.07.2027;05.07.2026;Ja;48;155 000;;;;324,04;65,03;37 257,31;Wagner Nina;Auﬂendienst;KST0119;Wien;;;2027 Dezember;;275;;37 360;48 271;;94 931;101 557;108 143;;
375674;SL 66758F;;FORD;KUGA;D;ICE;89;;13.05.2018;inaktiv;08.06.2022;Ayvens;25.05.2018;25.05.2022;25.05.2022;;48;85 000;7 500;;;287,38;84,48;25 367,26;Petrovic Petra;Auﬂendienst;KST0103;Klagenfurt;;;;104 680;104 680;;;;;;;;;Austritt 13.05.2025
325203;I 882NW;TMB32EFLYRXXVU2U5;SKODA;SUPERB;D;;183;124;05.05.2021;inaktiv;08.03.2024;Ayvens;25.05.2021;25.04.2024;25.04.2024;;35;75 000;7 500;0,1634;0,1634;430,38;167,48;26 033,86;Huber Birgit;Auﬂendienst;201963;Wien;;;;15 172;31 605;39 762;56 607;71 639;;;;;;‹bernahme Egger Eva ab 08.04.2023
392349;VB 93879X;TMB03TKWAAJZV7A87;SKODA;SUBERB;D;ICE;113;128;08.01.2024;aktiv;;Arval;17.01.2024;17.01.2028;17.01.2028;;48;120 000;7 500;0,2015;0,2015;368,82;87,33;36 017,37;Fuchs Josef;Servicetechnik;KST0081;Wien;;;2027 Dezember;;;;;;16 405;40 303;55 660;71 295;;
309116;K 19132K;;BMW;X1;D;ICE;;;18.01.2019;inaktiv;20.10.2022;Ayvens;27.01.2019;27.09.2022;27.09.2022;;44;185 000;;;;284,43;73,84;46 994,79;Lechner Lukas;Auﬂendienst;201338;Wien;;;;117 666;146 837;168 462;;;;;;;;
306006;L 9258XK;WVW4XALUH2SAC7K0F;VW;MULTIVAN;D;;;;28.03.2023;aktiv;;Arval;09.04.2023;09.04.2027;09.04.2027;;48;65 000;7 500;0,6965;0,6965;389,10;63,43;30 480,61;Novak Sabine;Auﬂendienst;201718;Wien;;;2026 Mai;;;;;14 226;23 826;33 036;40 953;;;
386673;W 85596R;W1K0SXE1N8KVX3XHG;MERCEDES;A 200d;D;;79;0;03.04.2024;aktiv;;SHS;07.04.2024;07.11.2027;07.11.2027;;43;30 000;7 500;0,2218;0,2218;612,23;169,28;27 112,89;Lechner Thomas;Auﬂendienst;201856;Innsbruck;;;2027 J‰nner;;;;;;1 877;5 524;10 238;12 301;;
329871;W 591CK;WVW1NNSM3GZ64GLM2;VW;Caddy Maxi TDI 4MOTION;D;;110;128;23.11.2016;inaktiv;28.04.2021;SHS;07.12.2016;07.04.2022;07.04.2021;Ja;52;135 000;10 000;;;871,03;339,83;54 800,62;Ebner Wolfgang;Servicetechnik;KST0105;Salzburg;;;;;;;;;;;;;;
337930;GU 74268F;WVWWC1FDYZ43HRA1D;VW;MULTIVAN;D;;75;0;06.01.2021;inaktiv;30.11.2025;Ayvens;18.01.2021;18.11.2026;18.11.2026;;70;295 000;7 500;0,2753;0,2753;665,16;214,45;27 693,93;Wagner Franz;Innendienst;201589;Wien;;;;47 618;;106 466;119 430;152 148;;195 216;220 017;225 988;;Poolfahrzeug
310458;L 68381H;TMBSKVAYHW57BYPPP;SKODA;Klasse 1 - Octavia;D;;110;129;02.01.2023;aktiv;;SHS;17.01.2023;17.08.2026;17.08.2026;;43;90 000;10 000;0,0718;0,0718;548,53;103,67;42 417,28;Kovacs Maria;Auﬂendienst;201539;Wien;;;2026 Mai;;;;;31 756;49 009;62 506;73 145;;;ex M‹LLER
330512;GU 1149KL;W0VWS9UDT1BURKY2J;OPEL;Grandland X;D;;;;22.06.2025;aktiv;;SHS;04.07.2025;04.07.2029;04.07.2029;;48;80 000;10 000;;;402,28;76,13;38 816,69;Novak Andreas;Auﬂendienst;201436;Linz;;;;;;;;;;;594;7 382;;
313238;G 36299D;WVW33W5UKNGJMBURR;VW;Klasse E 7 - VW ID.7 Tourer Pro S;E;BEV;;;19.07.2017;inaktiv;25.04.2021;Leaseplan;28.07.2017;28.03.2021;28.03.2021;;44;;10 000;0,1913;0,1913;371,99;137,60;22 450,44;Binder Birgit;Auﬂendienst;201729;Salzburg;171812;;;;;;;;;;;;;
349823;BN 919DR;WVWC1DNV52WV6L4VD;VW;PASSAT VARIANT;D;ICE;144;;18.08.2020;inaktiv;19.06.2024;Arval;25.08.2020;25.05.2024;25.05.2024;;45;;10 000;0,1367;0,1367;666,54;107,05;23 248,49;Wolf Katharina;Auﬂendienst;201915;Wien;;;;56 990;69 779;87 197;100 890;127 481;153 275;;;;;
336434;G 86297T;WVWKLKMD3WW5VMHJN;VW;TOURAN;D;ICE;;0;04.01.2017;inaktiv;23.09.2019;Ayvens;12.01.2017;12.10.2019;12.10.2019;;33;155 000;;0,3048;0,3048;396,39;97,18;33 887,48;Gruber Mehmet;Auﬂendienst;201487;Klagenfurt;;;;;;;;;;;;;;
359429;MD 562BD;TMBM60CFWX01E4EV7;SKODA;Klasse 1 - Octavia;D;ICE;;12;30.04.2018;inaktiv;25.09.2021;Ayvens;01.05.2018;01.11.2021;01.11.2021;;42;;7 500;;;1 010,82;192,39;34 990,40;Yilmaz Michael;Auﬂendienst;KST0130;Wien;;;;;;;;;;;;;;
383320;P 247PB;LPSVTEWW9XAHYY2BM;Polestar;Klasse E 3 - Polestar 2;E;;;;10.05.2024;aktiv;;Arval;18.05.2024;18.08.2027;18.08.2027;;39;125 000;7 500;;;384,80;135,26;61 336,84;Binder Ali;Auﬂendienst;201493;Wien;154040;;;;;;;;7 231;30 388;59 871;;;
347819;GU 56157C;WAUMH0CNF59B79KNY;AUDI;A4 AVANT;D;ICE;110;136;16.07.2019;inaktiv;10.08.2023;Leaseplan;02.08.2019;02.08.2024;02.08.2023;Ja;48;165 000;7 500;0,1047;0,1047;719,74;174,82;52 256,23;Wallner Birgit;Auﬂendienst;KST0099;Wien;;;;75 620;94 554;115 125;133 478;;;;;;;Winterreifen im Depot
321319;GU 981EA;;VW;MULTIVAN;D;;110;129;10.06.2023;aktiv;;Arval;18.06.2023;18.06.2027;18.06.2027;;48;135 000;;;;753,50;122,53;32 764,63;Mayr Peter;Auﬂendienst;KST0118;Wien;;;;;;;2 001;22 388;42 219;58 988;86 401;86 401;;
348520;W 27269X;WVWSL71EYP44YSME8;VW;CADDY MAXI VAN;D;;;37;24.03.2023;inaktiv;30.11.2025;Leaseplan;07.04.2023;07.04.2029;07.04.2029;;72;140 000;7 500;;;629,79;178,35;32 751,45;Maier Franz;Auﬂendienst;KST0126;Innsbruck;;;;;;;6 161;18 034;;38 985;49 733;58 668;;
346566;KL 655PZ;WVWVD0DAZHVBS42X1;VW;PASSAT VARIANT;D;ICE;105;;01.01.2016;inaktiv;29.06.2020;Leaseplan;05.01.2016;05.06.2020;05.06.2020;;53;145 000;;0,1349;0,1349;1 001,01;295,98;25 156,96;Ebner Georg;Servicetechnik;KST0103;Wien;;;;;;;;;;;;;;
327460;W 764FP;WVW30CC70H7FKU6FF;VW;Klasse E 7 - VW ID.7 Tourer Pro S;E;BEV;;;24.07.2024;aktiv;;Arval;06.08.2024;06.08.2028;06.08.2028;;48;;10 000;;;488,45;176,67;41 051,78;Kovacs Andrea;Auﬂendienst;201593;Linz;175339;;;;;;;;;9 112;19 552;;;
387841;G 35551D;TMBS8MCYFKK831S5L;SKODA;KAROQ;D;;;47;21.04.2019;inaktiv;22.03.2024;Arval;30.04.2019;30.04.2025;30.04.2024;Ja;60;285 000;7 500;0,1142;0,1142;772,96;258,74;45 146,22;Moser Sabine;Auﬂendienst;KST0088;Klagenfurt;;;;135 355;146 646;198 035;202 501;237 205;;;;;;
334993;SL 578YH;TMBAAEA3GG5ZRVTNC;SKODA;SUPERB;D;;;;09.04.2024;aktiv;;SHS;09.04.2024;09.04.2028;09.04.2028;;48;145 000;10 000;0,8245;0,8245;606,47;169,80;40 741,00;Eder Katharina;Auﬂendienst;KST0127;Wien;;;2026 J‰nner;;;;;;8 459;28 973;51 263;57 727;;
391988;SL 521CC;TMBAC1UKY2A98742E;SKODA;Octavia 4x4;D;ICE;69;138;14.10.2020;inaktiv;26.09.2024;Ayvens;24.10.2020;24.10.2024;24.10.2024;;48;50 000;7 500;;;572,12;196,99;36 846,74;Mayr Daniel;Auﬂendienst;KST0130;Wien;;;;18 062;23 040;32 781;34 580;40 711;47 782;;;;;
389593;I48729X;;BMW;320d xDrive;D;;96;77;10.12.2024;aktiv;;Leaseplan;11.12.2024;11.12.2028;11.12.2028;;48;135 000;;0,6535;0,6535;444,73;174,00;40 620,91;Wallner Karl;Innendienst;201549;Wien;;;2026 J‰nner;;;;;;;2 124;21 205;;;Karenz ab Mai 2024
384939;G 364BV;WVW0L5SCJG1LB8FAA;VW;PASSAT VARIANT;D;;;;21.02.2024;aktiv;;Arval;11.03.2024;11.06.2028;11.06.2028;;51;110 000;10 000;;;379,15;68,32;53 180,24;Brunner Ali;Auﬂendienst;KST0084;Klagenfurt;;;2026 September;;;;;;11 243;28 341;49 721;51 885;;
309358;BN 65475L;W1K89HES5X3NXRHXR;MERCEDES;GLA 250e DCT;D;ICE;;140;11.09.2020;inaktiv;22.09.2024;Ayvens;11.09.2020;11.09.2024;11.09.2024;;48;55 000;10 000;0,0890;0,0890;175,18;58,70;27 689,76;Binder Mehmet;Auﬂendienst;KST0077;Klagenfurt;;;;24 557;35 446;41 121;55 413;67 512;67 512;;;;;Austritt 09.10.2025
379840;LL 171BS;WVW58SFA3PJZVSFB7;VW;PASSAT;D;;87;;21.02.2021;inaktiv;30.11.2025;Ayvens;06.03.2021;06.08.2026;06.08.2026;;65;95 000;10 000;0,1998;0,1998;158,57;44,84;37 562,14;Auer Karl;Auﬂendienst;201415;Wien;;;;20 347;30 018;40 049;55 394;62 384;66 508;91 039;94 351;109 788;;
383227;L 63929Z;TMBPRXZU94UDE0Z58;SKODA;OCTAVIA;D;;126;;25.09.2019;inaktiv;17.12.2023;Ayvens;11.10.2019;11.02.2024;11.02.2024;;52;180 000;7 500;0,1652;0,1652;290,90;67,99;49 418,71;Schwarz Herbert;Auﬂendienst;201968;Wien;;;;90 518;102 880;126 145;;160 411;;;;;;‹bernahme Auer Claudia ab 24.03.2023
322431;G 98853K;WVWDKZV6LLVMMKLSH;VW;Klasse E 7 - VW ID.7 Tourer Pro S;E;;;;13.01.2023;inaktiv;30.11.2025;Leaseplan;13.01.2023;13.01.2027;13.01.2027;;48;145 000;10 000;;;626,42;129,48;24 765,98;Winkler Lukas;Auﬂendienst;201035;Salzburg;148671;Ja;;;;;15 087;31 615;56 583;68 963;92 060;98 142;;‹bernahme Baumgartner Elena ab 25.09.2025
370010;VB 94541C;TMB8X9D02K4010AVZ;SKODA;Klasse 1 - Octavia;D;;225;0;15.02.2022;inaktiv;30.11.2025;Arval;03.03.2022;03.03.2026;03.03.2026;;48;125 000;10 000;0,7129;0,7129;690,40;220,42;32 730,27;Brunner Herbert;Auﬂendienst;201993;Innsbruck;;;;;9 292;22 220;32 231;;59 739;63 295;77 413;85 067;;
395568;S 257FS;WAU074T7H09BTLDKX;AUDI;A6 Avant;D;;110;;21.11.2021;inaktiv;30.11.2025;Leaseplan;01.12.2021;01.02.2028;01.02.2028;;74;145 000;7 500;0,6795;0,6795;149,70;51,07;30 964,17;Novak Florian;Auﬂendienst;KST0059;Graz;;;;3 424;20 513;34 858;51 405;75 068;88 668;109 024;127 634;127 634;;
332087;MD 999ZD;WVWW0J5YMWBHRJKRW;VW;MULTIVAN;D;ICE;;;18.05.2019;inaktiv;24.03.2024;Leaseplan;26.05.2019;26.02.2024;26.02.2024;;57;115 000;;0,3764;0,3764;429,08;72,56;42 231,94;Moser Andrea;Auﬂendienst;KST0105;Wien;;;;64 207;86 905;103 661;103 661;130 081;;;;;;‹bernahme Bauer Ivan ab 30.08.2024
321417;L 219GZ;W0VP970M5GMZ14P9R;OPEL;ASTRA;D;ICE;112;;30.03.2018;inaktiv;29.04.2022;Ayvens;04.04.2018;04.04.2022;04.04.2022;;48;85 000;7 500;0,0220;0,0220;926,97;178,85;34 776,05;Lechner Lukas;Auﬂendienst;201041;Wien;;;;57 927;73 560;;;;;;;;;
360589;SL 72478J;WBA289UK6GHT88RJB;BMW;X1 16d sDrive;D;ICE;;;18.03.2022;inaktiv;30.11.2025;Leaseplan;31.03.2022;31.03.2028;31.03.2028;;72;210 000;10 000;0,5036;0,5036;497,24;168,60;41 678,02;Berger Georg;Auﬂendienst;KST0088;Wien;;;;;;23 195;35 745;52 616;63 619;86 882;100 724;100 724;;
349735;VB 78811F;TMBW18H877L9D2T81;SKODA;SUPERB;D;;98;35;30.08.2025;aktiv;;Leaseplan;07.09.2025;07.09.2028;07.09.2028;;36;90 000;10 000;0,0877;0,0877;534,02;184,15;19 949,98;Schmidt Florian;Auﬂendienst;201783;Salzburg;;;2027 Mai;;;;;;;;;3 804;;
335382;P 518VA;;VW;PASSAT VARIANT;D;;96;;25.09.2016;inaktiv;19.08.2020;Arval;04.10.2016;04.10.2020;04.10.2020;;48;15 000;7 500;0,2024;0,2024;396,02;98,04;30 504,37;Schuster Peter;Auﬂendienst;KST0113;Wien;;;;;;;;;;;;;;
383886;LL 59893A;WBA6U4DN06KSKW43X;BMW;Klasse E 10 - BMW i4 xDrive40;E;BEV;152;;14.07.2018;inaktiv;14.06.2023;Arval;02.08.2018;02.08.2023;02.08.2023;;60;145 000;7 500;;;704,50;207,27;50 677,19;Weber Stefan;Auﬂendienst;KST0126;Graz;177423;;;112 935;119 900;147 785;169 396;;;;;;;ex EBNER
390198;SL 34292T;YV1SHXY1S4PKGMPU5;VOLVO;V90;D;;133;;11.02.2019;inaktiv;20.04.2023;Ayvens;28.02.2019;28.05.2023;28.05.2023;;51;40 000;;;;885,46;339,03;42 615,41;Moser Wolfgang;Auﬂendienst;KST0081;Linz;;;;25 445;;34 629;37 018;;;;;;;
373000;P 24543R;WBA873Y4GLT9EZ3X6;BMW;418d  Gran Coupe;D;;112;0;25.06.2023;aktiv;;Ayvens;26.06.2023;26.03.2029;26.03.2029;;69;230 000;7 500;0,0401;0,0401;722,31;246,80;40 065,24;Gruber Franz;Auﬂendienst;KST0123;Wien;;;2026 September;;;;493;20 137;38 470;58 142;70 230;79 081;;
328785;MD 84531N;W0VA468HRPNUV81J4;OPEL;ASTRA WF;D;;110;16;14.03.2023;aktiv;;Arval;29.03.2023;29.05.2028;29.05.2028;;62;;7 500;0,0884;0,0884;501,01;93,85;32 179,77;Brunner Petra;Auﬂendienst;201241;Klagenfurt;;;;;;;5 432;14 952;24 320;;39 920;;;
389733;G 63913J;TMB4KTHXCJ8U04VTT;SKODA;Klasse 1 - Octavia;D;;105;;09.06.2023;aktiv;;Arval;21.06.2023;21.01.2027;21.01.2027;;43;105 000;;0,0841;0,0841;446,96;171,00;33 730,82;Hofer Sophie;Servicetechnik;201817;Klagenfurt;;;2026 J‰nner;;;;2 107;23 019;43 706;60 443;70 973;89 717;;‹bernahme Bauer Ali ab 24.09.2023
342504;S 41937C;LPSH20GXKBF676UAY;Polestar;Klasse E 3 - Polestar 2;E;;110;;21.05.2025;aktiv;;SHS;04.06.2025;04.08.2028;04.08.2028;;38;105 000;;0,0353;0,0353;604,08;192,84;30 193,41;÷zt¸rk Birgit;Auﬂendienst;KST0086;Salzburg;177762;;2027 J‰nner;;;;;;;;5 136;14 740;;
307331;W 637XP;VSSK8FV64F7WKJWS4;SEAT;LEON Kombi;D;ICE;76;;06.07.2020;inaktiv;06.08.2024;Leaseplan;15.07.2020;15.07.2024;15.07.2024;;48;;7 500;0,0944;0,0944;170,25;40,08;24 181,11;Lang Josef;Auﬂendienst;201582;Linz;;;;55 845;72 756;90 905;105 799;132 872;142 779;;;;;
330021;KL 88785W;;MERCEDES;Klasse 6 - CLA200d;D;;;;28.05.2020;inaktiv;10.07.2024;Arval;29.05.2020;29.08.2024;29.08.2024;;51;180 000;7 500;0,2015;0,2015;551,49;215,51;42 459,17;Fuchs Maria;Auﬂendienst;201665;Graz;;;;62 494;83 632;;125 102;137 313;137 313;;;;;
304207;MD 71612X;WAUVC82898RDB4XEU;AUDI;Klasse 7.1 - A4 Avant;D;;103;;30.03.2016;inaktiv;22.02.2022;Ayvens;02.04.2016;02.04.2022;02.04.2022;;72;225 000;;0,1536;0,1536;970,28;351,39;66 846,12;Mayr Herbert;Auﬂendienst;KST0086;Graz;;;;216 496;;;;;;;;;;
341347;W 8544UB;TMB9CEY4HRHR8TYZC;SKODA;SUPERB;D;ICE;110;139;14.05.2023;inaktiv;30.11.2025;SHS;28.05.2023;28.10.2028;28.10.2028;;65;195 000;7 500;0,0889;0,0889;388,45;83,60;38 461,14;Steiner Sabine;Innendienst;KST0108;Wien;;;;;;;4 693;25 965;39 943;56 254;74 701;89 235;;
352581;W 865TF;W0V3RJ43360B5KAEF;OPEL;Klasse 2 - Astra;D;ICE;102;91;09.10.2023;aktiv;;Ayvens;29.10.2023;29.10.2026;29.10.2026;;36;75 000;10 000;0,1609;0,1609;351,39;115,54;19 365,95;Horvath Petra;Servicetechnik;KST0130;Linz;;;2027 Oktober;;;;;4 882;14 516;28 109;34 864;;;
335093;W 399KG;WVWBBTSW49HD0T9ZH;VW;PASSAT VARIANT;D;ICE;;0;30.09.2024;aktiv;;Leaseplan;20.10.2024;20.05.2028;20.05.2028;;43;125 000;10 000;;;451,39;102,95;44 238,32;Auer Daniel;Gesch‰ftsf¸hrung;201595;Graz;;;2027 Oktober;;;;;;;8 519;22 483;29 034;;
308675;GU 75878Z;W0V86J9HP67CL0H3H;OPEL;ASTRA;D;;;0;06.02.2024;aktiv;;Leaseplan;12.02.2024;12.02.2029;12.02.2029;;60;;10 000;;;574,45;146,04;31 183,27;Schmidt Peter;Auﬂendienst;KST0068;Wien;;;2027 J‰nner;;;;;;;25 589;36 410;43 675;;
327653;BN 339XR;WBA31R2YC5UFLBWHF;BMW;Klasse 5 - X1 16d sDrive;D;;;127;03.10.2016;inaktiv;28.03.2020;Leaseplan;04.10.2016;04.04.2020;04.04.2020;;42;80 000;10 000;0,0740;0,0740;538,38;100,81;36 977,50;Fuchs Ali;Auﬂendienst;KST0118;Wien;;;;;;;;;;;;;;
374341;S 65721G;WVWHUDX63E7B3RBUG;VW;Klasse 4 - Touran;D;ICE;;136;25.12.2021;inaktiv;30.11.2025;Leaseplan;13.01.2022;13.01.2026;13.01.2026;;48;25 000;7 500;0,1879;0,1879;586,95;174,03;31 933,43;Pichler Ivan;Auﬂendienst;201382;Wien;;;;152;4 208;8 071;12 126;15 978;21 309;26 660;;31 804;;
394098;S 96658J;WBAYBJA7AAM382FEB;BMW;530e xDrive Limousine G30 XB1;D;;123;;17.12.2022;inaktiv;30.11.2025;Leaseplan;26.12.2022;26.12.2028;26.12.2028;;72;5 000;10 000;;;535,62;123,41;77 767,31;Wimmer Florian;Auﬂendienst;201831;Wien;;;;;;35;526;;1 546;1 882;2 253;2 709;;Winterreifen im Depot
341245;K 32354T;WBAT6A4DX43UH680C;BMW;Klasse E 10 - BMW i4 xDrive40;E;BEV;88;;27.01.2023;aktiv;;Leaseplan;03.02.2023;03.02.2027;03.02.2027;;48;;10 000;0,1748;0,1748;316,81;101,22;32 216,58;Baumgartner Wolfgang;Auﬂendienst;KST0060;Wien;170976;x;2027 J‰nner;;;;;51 220;66 252;97 269;114 781;;;
327869;MD 318BK;WBAG3RA6164GYB6YN;BMW;Klasse E 10 - BMW i4 xDrive40;E;BEV;;;04.11.2020;inaktiv;19.11.2024;Leaseplan;04.11.2020;04.11.2024;04.11.2024;;48;170 000;10 000;0,1036;0,1036;213,68;68,25;43 211,64;Lehner Thomas;Servicetechnik;KST0115;Linz;155925;;;62 179;83 637;99 442;132 092;157 453;201 793;204 581;;;;
385909;BN 648ZZ;WVW3YLG6C8RARR6PS;VW;Klasse E 7 - VW ID.7 Tourer Pro S;E;;114;;22.07.2022;inaktiv;30.11.2025;Arval;04.08.2022;04.08.2026;04.08.2026;;48;190 000;7 500;0,6310;0,6310;500,66;116,55;48 311,83;Wimmer Michael;Auﬂendienst;201006;Salzburg;170996;;;;;16 461;;56 644;68 279;100 677;111 707;115 814;;
365435;W35213N;WVWL4EHKJNN10X4SC;VW;TOURAN;D;ICE;110;22;01.05.2016;inaktiv;02.04.2021;Leaseplan;07.05.2016;07.05.2021;07.05.2021;;60;90 000;7 500;0,1142;0,1142;380,30;77,03;28 512,63;Novak Markus;Servicetechnik;201991;Klagenfurt;;;;;;;;;;;;;;Poolfahrzeug
351856;SL 589MH;VR34308XU1BM5RTEZ;PEUGEOT;3008;D;ICE;93;;11.03.2020;inaktiv;24.04.2024;Ayvens;27.03.2020;27.03.2024;27.03.2024;;48;210 000;10 000;;;171,46;47,68;22 354,64;Weber Andreas;Auﬂendienst;KST0054;Graz;;;;93 914;125 367;134 088;164 119;178 873;206 521;;;;;
384259;S 18937H;WBA66YFXN43P55B0J;BMW;320d;D;ICE;86;0;22.03.2025;aktiv;;Arval;26.03.2025;26.03.2029;26.03.2029;;48;190 000;;;;569,77;115,36;49 963,95;Reiter Andreas;Auﬂendienst;201413;Linz;;;2026 September;;;;;;;;10 113;21 374;;
360142;I 81342N;WVWALX32LHJ37E1PJ;VW;PASSAT Siemens Edition;D;ICE;94;131;08.09.2024;aktiv;;Leaseplan;20.09.2024;20.01.2028;20.01.2028;;40;75 000;;0,1262;0,1262;323,61;72,09;37 188,73;Maier Thomas;Auﬂendienst;201282;Graz;;;2026 Juli;;;;;;;8 630;23 767;26 610;;ex AUER
318726;P 262DT;;MERCEDES;Klasse E 9 - Mercedes EQB 250+;E;BEV;;;03.05.2019;inaktiv;02.06.2025;Arval;15.05.2019;15.05.2025;15.05.2025;;72;215 000;7 500;;;408,95;78,20;41 569,71;Auer Georg;Auﬂendienst;KST0074;Innsbruck;166677;;;114 254;144 215;;196 658;220 357;;259 955;292 552;;;
334718;W 29732Y;WVWCP5DG1W5DAD1NS;VW;PASSAT;D;;89;;08.07.2025;aktiv;;Ayvens;15.07.2025;15.07.2029;15.07.2029;;48;100 000;;;;544,07;102,49;83 463,77;Reiter Thomas;Auﬂendienst;KST0062;Wien;;;2026 Juli;;;;;;;;;7 053;;
318301;WU 352WL;WBAX7EYB519R9ARBH;BMW;X3 30e;D;ICE;110;129;27.03.2023;aktiv;;Leaseplan;30.03.2023;30.03.2028;30.03.2028;;60;65 000;7 500;0,1089;0,1089;544,36;213,98;31 248,26;Schwarz Thomas;Auﬂendienst;KST0054;Graz;;;;;;;4 491;14 438;;34 850;43 653;50 568;;
332325;W 63812S;;MERCEDES;CLA 200d;D;ICE;;137;02.05.2024;aktiv;;Leaseplan;15.05.2024;15.10.2028;15.10.2028;;53;;7 500;0,4718;0,4718;896,80;146,20;34 239,90;Lang Karl;Auﬂendienst;201250;Innsbruck;;;2026 Mai;;;;;;3 694;17 347;26 583;35 561;;
397647;WU 119MS;W0VE3CH1LN4TZ980D;OPEL;ZAFIRA WF;D;;169;0;19.06.2020;inaktiv;30.11.2025;Leaseplan;01.07.2020;01.06.2026;01.06.2026;;71;160 000;;0,1147;0,1147;817,23;314,69;48 669,74;Novak Maria;Auﬂendienst;201267;Klagenfurt;;;;47 258;60 333;65 600;82 150;100 860;111 163;122 567;141 581;155 657;;
373579;I 737JZ;WBAFGZKUP2WAL8AGE;BMW;Klasse E 10.1 - BMW i4 eDrive40;E;BEV;103;;23.04.2017;inaktiv;17.05.2021;Ayvens;25.04.2017;25.04.2021;25.04.2021;;48;140 000;;0,1514;0,1514;445,22;126,13;29 415,69;Lang Lisa;Auﬂendienst;KST0067;Graz;152478;;;;;;;;;;;;;
370644;W 14882A;;SKODA;Klasse 1 - Octavia;D;ICE;;62;24.02.2018;inaktiv;27.10.2021;Ayvens;04.03.2018;04.11.2021;04.11.2021;;44;;7 500;0,1975;0,1975;351,41;136,63;74 471,54;Weber Mehmet;Auﬂendienst;KST0104;Salzburg;;;;178 154;;;;;;;;;;
334438;WU 684WS;WMW7G1VNK9CJ8FW6L;MINI;Cooper S ALL 4 Countryman;D;ICE;201;;26.02.2021;aktiv;;Ayvens;09.03.2021;09.03.2026;09.03.2026;;60;;7 500;;;578,64;201,65;28 394,19;Leitner Claudia;Auﬂendienst;201029;Wien;;;;37 331;50 274;76 911;101 880;116 767;148 824;;185 004;;;
397912;VB 677XX;WBAVFHFYNH0JX1AWD;BMW;418d  Gran Coupe;D;ICE;87;;10.07.2017;inaktiv;17.09.2021;Ayvens;27.07.2017;27.08.2021;27.08.2021;;49;80 000;10 000;;;932,61;241,77;46 111,84;Nguyen Birgit;Auﬂendienst;201227;Wien;;;;;;;;;;;;;;
376622;GU 63441F;TMBB2Y47Z22EVVN2G;SKODA;Klasse 1 - Octavia;D;ICE;;127;09.02.2021;inaktiv;29.02.2024;Arval;13.02.2021;13.02.2024;13.02.2024;;36;135 000;;0,3056;0,3056;572,04;128,58;50 912,09;Kaya Peter;Auﬂendienst;KST0067;Klagenfurt;;;;32 815;54 995;77 293;93 617;105 889;;;;;;
356155;BN 287JX;WVW9RB7UGM174WJGX;VW;PASSAT VARIANT;D;ICE;;137;15.06.2022;inaktiv;30.11.2025;Leaseplan;18.06.2022;18.06.2026;18.06.2026;;48;230 000;7 500;;;391,86;70,53;48 653,94;Huber Franz;Auﬂendienst;201831;Klagenfurt;;;;;1 660;24 054;42 641;66 319;84 277;107 243;132 210;148 991;;‹bernahme Lehner Elena ab 31.12.2024
376484;W 56937Y;TMB5J8XZ9PGCSCNKW;SKODA;Klasse 1 - Octavia;D;ICE;88;;11.06.2017;inaktiv;26.05.2021;Ayvens;29.06.2017;29.06.2021;29.06.2021;;48;75 000;;0,2558;0,2558;344,18;55,60;37 916,13;Weber Birgit;Auﬂendienst;KST0120;Linz;;;;;;;;;;;;;;
352350;S 36771W;WVWEYF0YUKRUAG1R1;VW;TOURAN;D;ICE;117;;09.08.2017;inaktiv;22.09.2022;Ayvens;26.08.2017;26.10.2023;26.10.2022;Ja;62;220 000;;;;233,79;42,35;52 483,19;Lehner Mehmet;Auﬂendienst;KST0123;Linz;;;;161 951;196 800;;;;;;;;;
347447;W 4525PL;;VOLVO;V90;D;;82;;17.12.2021;inaktiv;30.11.2025;SHS;03.01.2022;03.01.2027;03.01.2027;;60;120 000;10 000;;;520,18;88,00;48 377,58;Gruber Manfred;Auﬂendienst;201139;Klagenfurt;;;;1 093;14 959;31 087;41 286;58 321;69 497;81 563;93 550;105 111;;
328746;GU 492KK;W0VW9C68DZA6YWZGA;OPEL;INSIGNIA;D;;110;;15.11.2021;aktiv;;Leaseplan;28.11.2021;28.11.2025;28.11.2025;;48;;10 000;0,1477;0,1477;362,39;73,66;32 444,98;Fuchs Claudia;Auﬂendienst;201420;Wien;;;;5 140;23 961;44 067;64 309;81 837;92 013;120 200;136 725;144 764;;Austritt 18.01.2025
318131;W 5278US;WVW1JHGBJKZ9ASDY4;VW;CADDY MAXI VAN;D;;110;;24.10.2017;inaktiv;13.01.2023;Leaseplan;28.10.2017;28.01.2023;28.01.2023;;63;10 000;;0,1330;0,1330;374,91;127,88;33 617,15;Lang Christian;Auﬂendienst;201191;Graz;;;;7 508;8 636;8 808;;;;;;;;
366784;W 54467S;WBAUZ3SXDMCADXPV7;BMW;520d;D;;110;;26.02.2017;inaktiv;01.04.2023;Leaseplan;14.03.2017;14.03.2023;14.03.2023;;72;325 000;;;;450,38;140,05;33 731,07;Reiter Peter;Auﬂendienst;201699;Wien;;;;;295 831;295 831;;;;;;;;
364686;K 134PU;WBA05H4E739BLUJVC;BMW;X3;D;;78;0;07.03.2023;aktiv;;Arval;25.03.2023;25.01.2027;25.01.2027;;46;;7 500;0,1458;0,1458;735,19;249,85;33 810,58;Aigner Ivan;Innendienst;KST0115;Innsbruck;;;2027 Juli;;;;14 727;38 802;63 030;76 597;103 155;129 646;;
311915;I 953PW;WVWUMTBG1TP5RXUP2;VW;Klasse 3 - Passat;D;;;;01.10.2021;inaktiv;19.07.2025;Arval;15.10.2021;15.07.2025;15.07.2025;;45;100 000;7 500;0,2065;0,2065;374,81;61,59;31 123,15;Binder Claudia;Auﬂendienst;KST0072;Graz;;;;;;36 478;59 499;74 755;81 978;;114 128;122 347;;
399061;W 11342J;WVWYFNJ75LWY7KSDU;VW;PASSAT VARIANT;D;ICE;86;0;03.11.2024;aktiv;;Leaseplan;22.11.2024;22.10.2027;22.10.2027;;35;55 000;7 500;0,0251;0,0251;853,95;256,11;34 419,35;Brunner Petra;Auﬂendienst;KST0079;Innsbruck;;;2027 Oktober;;;;;;;3 239;;16 276;;
306175;W 25865Z;;OPEL;ASTRA;D;ICE;;;14.06.2023;aktiv;;Arval;21.06.2023;21.06.2026;21.06.2026;;36;160 000;;0,1945;0,1945;625,99;228,75;79 187,24;M¸ller Katharina;Auﬂendienst;201285;Wien;;;2026 M‰rz;;;;2 397;29 817;49 378;79 755;95 984;111 314;;
314371;W 79424M;TMBJHDZ0JV6K3SPRD;SKODA;SUPERB;H/B;PHEV;85;0;20.07.2017;inaktiv;11.08.2020;Arval;09.08.2017;09.09.2020;09.09.2020;;37;100 000;7 500;;;322,35;116,90;42 463,10;Lang Lukas;Auﬂendienst;KST0124;Wien;;;;;;;;;;;;;;
320033;W 68152E;;VW;Klasse E 7 - VW ID.7 Tourer Pro S;E;;110;;21.02.2016;inaktiv;03.03.2020;SHS;10.03.2016;10.03.2020;10.03.2020;;48;95 000;7 500;0,1333;0,1333;724,11;114,43;36 276,39;Winkler Ivan;Auﬂendienst;KST0070;Linz;146181;Ja;;;;;;;;;;;;
382240;VB 614KF;WVWNNCSUFC7CDXFWA;VW;PASSAT VARIANT;D;;110;123;20.12.2024;aktiv;;Leaseplan;08.01.2025;08.01.2029;08.01.2029;;48;150 000;10 000;;;275,42;55,90;31 590,98;Mayr Birgit;Auﬂendienst;KST0102;Wien;;;2026 J‰nner;;;;;;;1 181;22 753;;;
320969;W 238DA;TMB8G6XLVLEU0ZFEM;SKODA;Klasse E 2 - ENYAQ 85x;E;;107;;11.03.2021;inaktiv;02.04.2025;SHS;13.03.2021;13.03.2026;13.03.2025;Ja;48;175 000;10 000;0,1996;0,1996;602,03;136,89;79 895,36;Baumgartner Birgit;Innendienst;201499;Wien;146352;;;28 142;48 870;69 586;83 334;101 516;132 312;153 471;157 256;;;
389192;S 25737C;W0V6GFMG24N2YEXY8;OPEL;ASTRA;D;ICE;;0;08.07.2019;inaktiv;30.08.2022;Ayvens;19.07.2019;19.10.2022;19.10.2022;;39;125 000;7 500;;;400,21;106,28;35 880,93;Binder Petra;Auﬂendienst;KST0054;Innsbruck;;;;78 791;87 182;;;;;;;;;‹bernahme Schmidt Manfred ab 29.09.2025
355333;L 37671U;W0VXAK6K8XH3TA5J5;OPEL;ZAFIRA WF;D;;110;;08.02.2024;aktiv;;Arval;10.02.2024;10.02.2028;10.02.2028;;48;150 000;7 500;0,1077;0,1077;234,27;74,26;26 665,21;Yilmaz Elena;Auﬂendienst;201221;Salzburg;;;2026 Oktober;;;;;;15 521;35 965;54 337;;;
378172;LL 2892XR;WAUR61HN7HZ632A0R;AUDI;Klasse 7.1 - A4 Avant;D;ICE;90;28;06.08.2021;inaktiv;24.07.2025;SHS;26.08.2021;26.07.2025;26.07.2025;;47;95 000;7 500;;;490,29;77,54;57 063,38;Nguyen Christian;Auﬂendienst;201033;Wien;;;;11 387;22 819;34 081;47 340;64 858;78 648;95 929;95 929;;;Karenz ab J‰nner 2025
308326;VB 17131W;WF0J6ZMSRWNS1TDUF;FORD;GALAXY;H/B;;110;127;14.01.2023;aktiv;;Leaseplan;01.02.2023;01.03.2026;01.03.2026;;37;175 000;7 500;;;802,73;136,22;33 047,25;Haas Katharina;Auﬂendienst;KST0073;Wien;;;2027 Dezember;;;;21 496;50 530;68 017;96 919;134 404;134 404;;Winterreifen im Depot
350432;K 68913T;;OPEL;ZAFIRA WF;D;ICE;86;0;06.01.2018;inaktiv;18.07.2021;Leaseplan;15.01.2018;15.09.2021;15.09.2021;;44;160 000;;;;819,77;162,49;30 249,21;Fischer Claudia;Auﬂendienst;201274;Linz;;;;;;;;;;;;;;
350019;P 787WJ;WBAE5LC9T3VZ2BHMX;BMW;418d;D;ICE;87;;28.01.2025;aktiv;;Leaseplan;03.02.2025;03.02.2028;03.02.2028;;36;70 000;7 500;0,1473;0,1473;513,60;155,02;31 187,38;Hofer Wolfgang;Auﬂendienst;KST0051;Salzburg;;;2027 M‰rz;;;;;;;;9 425;13 303;;
378104;W 815PD;;OPEL;INSIGNIA;D;;;127;02.11.2016;inaktiv;13.03.2020;Leaseplan;20.11.2016;20.02.2020;20.02.2020;;39;110 000;;0,0958;0,0958;426,00;127,95;33 103,48;Mayer Franz;Auﬂendienst;201540;Wien;;;;;;;;;;;;;;
361348;KL 67432G;TMBDTCHDWETY1ULJ6;SKODA;Klasse E 2 - ENYAQ 85x;E;;;;23.07.2019;inaktiv;25.07.2023;Leaseplan;03.08.2019;03.08.2024;03.08.2023;Ja;48;115 000;10 000;;;655,00;186,28;25 434,24;Lehner Josef;Auﬂendienst;201534;Graz;168249;;;96 875;126 268;148 665;148 665;;;;;;;
369352;LL 34678W;WBAWGK6GHSB6MUB75;BMW;X2;D;;85;51;19.04.2022;aktiv;;Leaseplan;30.04.2022;30.04.2026;30.04.2026;;48;205 000;;;;322,22;80,57;31 724,66;Lang Ivan;Auﬂendienst;KST0097;Wien;;;2027 Oktober;;8 155;;50 994;72 032;93 556;122 783;152 029;154 450;;
332953;WU 92547N;WVWPZVVAGM97WSLXE;VW;PASSAT VARIANT;D;ICE;;;23.03.2017;inaktiv;15.04.2020;Ayvens;24.03.2017;24.03.2020;24.03.2020;;36;;7 500;0,0999;0,0999;272,92;91,01;74 532,68;Kovacs Ali;Auﬂendienst;KST0083;Wien;;;;;;;;;;;;;;Karenz ab September 2025
372512;P 68165Z;WVWHUBK3RKZ8BS40P;VW;Klasse E 7 - VW ID.7 Tourer Pro S;E;BEV;88;;24.07.2018;inaktiv;13.08.2022;SHS;09.08.2018;09.08.2022;09.08.2022;;48;;10 000;0,2401;0,2401;734,96;252,56;39 962,17;Weber Elena;Servicetechnik;KST0117;Wien;163219;;;66 829;84 753;;;;;;;;;
301504;I 93585C;WBAD8WA4ZADTJZV9K;BMW;Klasse 9 - X3 20d xDrive;B;;110;;01.10.2024;aktiv;;Arval;11.10.2024;11.10.2028;11.10.2028;;48;80 000;7 500;;;127,68;20,46;32 471,50;Pichler Stefan;Auﬂendienst;KST0095;Graz;;;;;;;;;;;15 257;19 491;;
389166;W 78191P;VSS90JVD2J2A66DFD;SEAT;ALHAMBRA;D;;235;;28.04.2022;inaktiv;30.11.2025;Ayvens;11.05.2022;11.05.2026;11.05.2026;;48;;7 500;;;590,91;179,52;49 208,50;Koller Ali;Auﬂendienst;201124;Wien;;;;;7 017;26 891;52 629;64 942;95 957;111 385;131 402;137 687;;
394466;L 13292H;TMBW27MST5H4KBMKS;SKODA;KAROQ 4x4;D;ICE;;125;25.09.2017;inaktiv;24.11.2020;Ayvens;04.10.2017;04.11.2020;04.11.2020;;37;;10 000;0,1172;0,1172;274,04;42,80;29 451,75;Kovacs Eva;Innendienst;KST0085;Innsbruck;;;;;;;;;;;;;;
315014;I 36683J;TMBM9TJXZ2ECBLRGG;SKODA;Klasse E 2 - ENYAQ 85x;E;;110;;05.07.2022;aktiv;;Leaseplan;23.07.2022;23.07.2026;23.07.2026;;48;;7 500;0,1303;0,1303;810,93;135,47;28 027,23;÷zt¸rk Christian;Auﬂendienst;201745;Innsbruck;167759;;2026 J‰nner;;;16 059;31 711;53 128;59 398;82 569;93 254;107 863;;
389353;W 421XY;WAUEYM8NP79ZZJE54;AUDI;Klasse 7.1 - A4 Avant;D;ICE;135;0;13.12.2017;inaktiv;04.02.2023;Ayvens;23.12.2017;23.03.2023;23.03.2023;;63;145 000;;0,1128;0,1128;322,47;113,67;23 972,54;Lechner Andreas;Auﬂendienst;201023;Graz;;;;103 399;116 873;126 464;;;;;;;;
370381;W 13496Y;WAUCZE3F7JUCGC89R;AUDI;A4 AVANT;D;ICE;104;;25.03.2019;inaktiv;04.04.2023;Arval;27.03.2019;27.03.2023;27.03.2023;;48;175 000;7 500;0,2540;0,2540;338,02;56,86;77 577,98;Huber Sabine;Auﬂendienst;201200;Innsbruck;;;;126 998;143 187;;181 995;;;;;;;
398419;I 213RF;TMB27HEETP8ZR5W0V;SKODA;Klasse 1 - Octavia;D;ICE;89;34;25.03.2023;aktiv;;Ayvens;11.04.2023;11.04.2028;11.04.2028;;60;185 000;7 500;0,0967;0,0967;175,87;41,75;24 080,11;Mayr Josef;Auﬂendienst;201286;Wien;;;2026 Dezember;;;;;20 925;34 442;54 862;66 037;;;
334973;WU 75215W;;MERCEDES;Klasse E 9 - Mercedes EQB 250+;E;;;;04.08.2017;inaktiv;05.06.2020;Leaseplan;05.08.2017;05.07.2020;05.07.2020;;35;80 000;7 500;;;443,01;162,01;32 450,96;Wagner Peter;Auﬂendienst;201959;Wien;166941;X;;;;;;;;;;;;
384012;P 524UK;WAUTAHWXTM56B5A6C;AUDI;A4 AVANT;D;;108;0;20.12.2022;inaktiv;30.11.2025;Leaseplan;02.01.2023;02.01.2027;02.01.2027;;48;240 000;10 000;;;484,62;77,37;66 803,12;Weber Sophie;Auﬂendienst;KST0073;Linz;;;;;;1 651;29 130;51 156;81 239;111 950;140 083;151 664;;
344587;W 55169Z;VR39ESPX03E4VKBX0;PEUGEOT;5008;D;;102;109;22.07.2016;inaktiv;13.09.2019;SHS;29.07.2016;29.10.2019;29.10.2019;;39;65 000;7 500;;;501,11;118,98;39 229,29;Leitner Lukas;Auﬂendienst;201933;Wien;;;;;;;;;;;;;;Winterreifen im Depot
314621;S 648LD;WVWE07R53RJS3JTVY;VW;Klasse 4 - Touran;D;ICE;82;;13.04.2023;inaktiv;30.11.2025;SHS;15.04.2023;15.04.2028;15.04.2028;;60;325 000;10 000;0,0681;0,0681;422,89;164,67;37 228,84;Novak Thomas;Servicetechnik;201015;Wien;;;;;;;10 860;38 937;62 656;87 116;104 952;134 714;;‹bernahme Winkler Sophie ab 29.12.2024
338469;MD 687XR;WVW9FKA061X5M9UGR;VW;PASSAT VARIANT;D;ICE;97;141;03.07.2024;aktiv;;Ayvens;16.07.2024;16.01.2028;16.01.2028;;42;110 000;;;;360,69;97,13;50 560,96;Lang Stefan;Auﬂendienst;KST0072;Wien;;;2026 Juli;;;;;;;14 782;27 889;;;
356985;W 893RK;W0V8TFJUHZFREXL9Y;OPEL;ASTRA WF;D;;110;;02.12.2020;inaktiv;31.10.2024;Arval;09.12.2020;09.12.2024;09.12.2024;;48;230 000;7 500;;;565,80;214,89;42 928,83;Schneider Julia;Auﬂendienst;201813;Salzburg;;;;50 525;84 823;94 949;141 812;;;193 633;;;;Karenz ab J‰nner 2025
320730;G 72894Z;VR3Z7MWRV882Z7VGR;PEUGEOT;308 SW;D;;;135;05.02.2018;inaktiv;27.01.2021;Leaseplan;20.02.2018;20.02.2021;20.02.2021;;36;;10 000;0,1613;0,1613;167,46;53,92;76 883,40;Schneider Christian;Auﬂendienst;KST0109;Salzburg;;;;;;;;;;;;;;
359470;W 42639A;WBAEDP0NL2RVL0Y3P;BMW;Klasse 5 - X1 16d sDrive;D;ICE;89;;27.09.2022;inaktiv;30.11.2025;Arval;10.10.2022;10.09.2026;10.09.2026;;47;115 000;7 500;0,3047;0,3047;640,40;110,51;45 124,08;Wallner Eva;Auﬂendienst;201043;Wien;;;;;;6 632;17 609;30 106;46 017;57 191;70 928;71 459;;
300425;W 74567T;W0V71V4FR3U7V9S1B;OPEL;ASTRA;D;ICE;110;136;27.03.2020;inaktiv;07.03.2023;Arval;16.04.2020;16.03.2023;16.03.2023;;35;85 000;;;;365,82;96,84;32 901,44;Koller Maria;Auﬂendienst;KST0097;Klagenfurt;;;;70 092;;112 093;;;;;;;;
394646;W 89922P;WBALN5HC48L8J32AV;BMW;218d;H/B;;;134;29.06.2021;inaktiv;18.06.2025;SHS;17.07.2021;17.07.2026;17.07.2025;Ja;48;110 000;10 000;;;395,20;134,06;29 049,26;Schneider Lukas;Auﬂendienst;KST0087;Graz;;;;12 773;27 226;;57 446;74 434;78 237;96 783;120 881;;;
394329;BN 29862B;WBAANUV4W02TNEKGP;BMW;X1 16d sDrive;D;;90;;08.01.2025;aktiv;;Arval;12.01.2025;12.01.2030;12.01.2030;;60;165 000;;0,2219;0,2219;497,69;82,96;37 721,51;Wimmer Daniel;Auﬂendienst;201619;Linz;;;;;;;;;;;17 548;24 366;;
334522;BN 353PU;YV1ZMB06Z4PN10MAN;VOLVO;V90;D;;110;;23.11.2022;inaktiv;30.11.2025;Leaseplan;27.11.2022;27.11.2026;27.11.2026;;48;225 000;;0,1453;0,1453;440,90;153,10;23 515,42;Schmidt Martin;Auﬂendienst;KST0084;Wien;;;;;;4 722;28 046;49 967;73 400;93 158;113 347;129 980;;
365612;W 16636T;;BMW;216 d;D;;110;0;01.06.2022;inaktiv;30.11.2025;Ayvens;01.06.2022;01.06.2026;01.06.2026;;48;135 000;10 000;0,1697;0,1697;859,49;215,55;29 143,20;Fuchs Ivan;Auﬂendienst;201862;Wien;;;;;;18 340;34 857;59 024;71 087;81 773;97 587;116 715;;
399871;L 824KY;WVWVMUJX3RNUNMVT5;VW;TOURAN;D;;109;49;27.12.2016;inaktiv;12.10.2021;Arval;30.12.2016;30.11.2021;30.11.2021;;59;85 000;;;;583,23;195,11;32 846,22;Novak Lisa;Auﬂendienst;201394;Wien;;;;;;;;;;;;;;
323416;BN 89318W;W1K0Y72WCR9G34U2B;MERCEDES;CLA 200d;D;ICE;;;25.08.2021;inaktiv;16.08.2025;Leaseplan;11.09.2021;11.09.2026;11.09.2025;Ja;48;155 000;;0,1289;0,1289;497,19;160,90;38 136,99;Yilmaz Nina;Auﬂendienst;201769;Wien;;;;12 825;31 439;54 445;71 377;84 454;115 818;119 791;147 474;149 509;;ex MAYR
366542;S 97487R;TMBJ2XV42EZ8BRMS0;SKODA;OCTAVIA;D;;110;;26.01.2018;inaktiv;30.12.2021;Ayvens;02.02.2018;02.02.2022;02.02.2022;;48;;10 000;;;598,56;104,12;31 751,30;M¸ller Andreas;Auﬂendienst;KST0077;Linz;;;;132 949;;;;;;;;;;
313947;SL 713LE;W0V24DW4TH5907Y0H;OPEL;INSIGNIA;D;;229;66;22.05.2016;inaktiv;23.04.2019;Arval;30.05.2016;30.04.2019;30.04.2019;;35;60 000;7 500;;;448,76;144,31;25 508,30;Reiter Martin;Auﬂendienst;201745;Klagenfurt;;;;;;;;;;;;;;
381959;GU 29233X;WVW6CEX0CKG19FYW4;VW;GOLF;D;;87;134;21.02.2020;inaktiv;23.06.2023;Arval;29.02.2020;29.06.2023;29.06.2023;;40;85 000;;0,1740;0,1740;417,34;91,26;22 436,46;Lang Katharina;Auﬂendienst;201310;Graz;;;;;55 304;70 909;74 073;;;;;;;
339117;P 73558W;TMB63Y17AYYXZ5K68;SKODA;Klasse 1 - Octavia;D;;;131;30.01.2018;inaktiv;11.09.2021;Leaseplan;07.02.2018;07.09.2021;07.09.2021;;43;135 000;7 500;0,0941;0,0941;267,40;55,14;19 014,63;Koller Claudia;Auﬂendienst;201353;Wien;;;;;;;;;;;;;;ex NGUYEN
383748;MD 25337U;W0VGX92R286V5LM2V;OPEL;ASTRA WF;D;;;136;05.04.2016;inaktiv;25.10.2021;Arval;14.04.2016;14.10.2021;14.10.2021;;66;285 000;10 000;0,1014;0,1014;385,75;78,86;41 906,56;Steiner Georg;Auﬂendienst;KST0103;Innsbruck;;;;267 773;;;;;;;;;;Poolfahrzeug
366540;W 48438T;WBAEAC371E3THB57D;BMW;Klasse E 10 - BMW i4 xDrive40;E;BEV;101;;06.01.2023;inaktiv;30.11.2025;Arval;21.01.2023;21.01.2028;21.01.2027;Ja;48;130 000;7 500;0,2832;0,2832;641,75;230,69;45 957,84;Schmidt Franz;Auﬂendienst;201665;Klagenfurt;170606;;;;;;13 689;24 407;42 410;57 495;63 729;78 523;;ex SCHMIDT
379818;G 14665K;WVWJKV1TRBPWKAT09;VW;PASSAT VARIANT;D;;246;;21.09.2024;aktiv;;Arval;23.09.2024;23.09.2029;23.09.2029;;60;215 000;10 000;0,1705;0,1705;482,69;109,18;26 129,84;Mayr Petra;Auﬂendienst;201535;Salzburg;;;2027 Oktober;;;;;;;9 908;27 249;34 451;;‹bernahme Wallner Ali ab 29.06.2023
326071;G 18944J;WBA6MCUUFNEJWDPRS;BMW;X1;D;ICE;110;;16.04.2023;inaktiv;30.11.2025;Ayvens;22.04.2023;22.07.2027;22.07.2027;;51;100 000;10 000;;;550,95;172,28;46 731,16;Schneider Andrea;Auﬂendienst;KST0060;Klagenfurt;;;;;;;7 120;24 372;35 889;61 178;69 047;86 201;;Poolfahrzeug
320032;MD 98833C;YV1MNGRPW9WX7GWPK;VOLVO;V60 T8 TWIN ENGINE INSCRIPTION;D;ICE;87;;13.02.2023;inaktiv;30.11.2025;Leaseplan;04.03.2023;04.07.2026;04.07.2026;;40;65 000;7 500;0,1104;0,1104;541,60;94,04;25 742,84;Kovacs Lisa;Auﬂendienst;201485;Innsbruck;;;;;;;8 587;20 775;31 839;44 745;55 967;63 477;;
349009;K 71763R;LPSV0BX41XNP95UGE;Polestar;Klasse E 3 - Polestar 2;E;BEV;;;16.08.2017;inaktiv;07.08.2021;Leaseplan;25.08.2017;25.08.2021;25.08.2021;;48;150 000;10 000;;;134,34;43,81;33 484,33;÷zt¸rk Ali;Innendienst;201799;Innsbruck;143550;;;;;;;;;;;;;
399943;BN 354UC;WBAVBJEX05PMX6R60;BMW;X1 16d sDrive;D;;110;3;04.02.2019;inaktiv;08.03.2022;Arval;21.02.2019;21.03.2022;21.03.2022;;37;90 000;;0,0988;0,0988;342,68;100,47;18 350,29;Moser Josef;Auﬂendienst;201817;Wien;;;;76 311;;;;;;;;;;
321174;SL 68971N;;FORD;Kuga;D;ICE;86;127;01.09.2019;inaktiv;20.07.2025;Arval;18.09.2019;18.07.2025;18.07.2025;;70;;;;;362,49;110,89;35 326,74;Horvath Thomas;Auﬂendienst;201363;Wien;;;;54 646;66 546;85 219;99 073;113 798;113 798;144 685;160 257;160 257;;Poolfahrzeug
370697;WU 18874G;WVWHLPH8ZX3NPF907;VW;Klasse E 7 - VW ID.7 Tourer Pro S;E;;;;08.08.2023;aktiv;;Leaseplan;15.08.2023;15.08.2027;15.08.2027;;48;;7 500;0,1341;0,1341;495,32;89,73;33 001,03;Gruber Georg;Auﬂendienst;KST0062;Salzburg;146449;;2026 Juli;;;;;9 197;17 326;32 561;;49 251;;
369514;I 38114Y;WBAKM0HLB8PW20TXB;BMW;520d;D;ICE;96;0;05.03.2016;inaktiv;04.02.2019;SHS;13.03.2016;13.01.2019;13.01.2019;;34;20 000;;;;393,61;99,87;58 463,17;Bauer Elena;Auﬂendienst;201537;Wien;;;;;;;;;;;;;;‹bernahme Gruber Florian ab 07.07.2025
300074;WU 93342D;TMBWY6UJX40KC1DNM;SKODA;SUPERB;D;;;138;14.12.2024;aktiv;;Leaseplan;03.01.2025;03.06.2031;03.06.2030;Ja;65;140 000;7 500;;;357,89;108,71;31 721,16;Gruber Ali;Auﬂendienst;KST0130;Innsbruck;;;2026 Juli;;;;;;;1 519;14 908;25 326;;
378504;KL 82295E;WVW9M29NKRBNZKD0R;VW;PASSAT VARIANT;D;ICE;247;;02.02.2018;inaktiv;24.01.2023;Leaseplan;10.02.2018;10.02.2023;10.02.2023;;60;165 000;7 500;0,0701;0,0701;367,77;95,27;41 777,79;Novak Andreas;Servicetechnik;201155;Innsbruck;;;;;129 736;162 381;;;;;;;;
342487;W 5372VY;VSSHWG7R5WH6KEYUC;SEAT;ATECA;D;ICE;138;;05.05.2021;inaktiv;30.11.2025;Ayvens;19.05.2021;19.04.2027;19.04.2027;;71;;7 500;;;323,58;60,06;37 619,60;Kaya Mehmet;Auﬂendienst;KST0063;Wien;;;;31 908;59 480;76 216;100 855;141 104;173 511;195 148;205 016;;;
364042;W 7122VD;TMB2CZ56C24BPMBYG;SKODA;SUPERB;D;ICE;103;;06.11.2020;inaktiv;30.11.2025;Ayvens;19.11.2020;19.02.2026;19.02.2026;;63;265 000;7 500;0,1784;0,1784;933,98;195,81;53 426,55;Mayr Florian;Auﬂendienst;201283;Klagenfurt;;;;51 544;78 595;88 168;125 610;140 771;168 620;196 196;210 461;213 767;;
302552;L 63361D;W1KM2ENFF2TKYZ2J1;MERCEDES;E 300de T 4-matic;D;;;138;19.02.2022;inaktiv;23.08.2025;SHS;11.03.2022;11.09.2025;11.09.2025;;42;110 000;7 500;0,1458;0,1458;490,64;185,07;29 534,17;Koller Claudia;Auﬂendienst;KST0055;Graz;;;;;13 410;35 258;50 404;77 677;89 226;113 424;121 729;138 740;;
314662;S 657MM;WBASJG97XGRZR6UD6;BMW;318d;D;ICE;110;;06.02.2023;aktiv;;SHS;20.02.2023;20.02.2027;20.02.2027;;48;;;0,0844;0,0844;373,02;89,25;26 158,74;Ebner Herbert;Auﬂendienst;KST0094;Klagenfurt;;;;;;;7 781;20 929;30 794;40 752;53 144;;;Winterreifen im Depot
347576;W 182LC;TMB7JYMGWZM4T8FMT;SKODA;SUPERB;D;;88;129;25.01.2021;inaktiv;30.11.2025;Leaseplan;03.02.2021;03.02.2026;03.02.2026;;60;;7 500;0,1167;0,1167;875,43;256,94;44 921,97;Wallner Martin;Auﬂendienst;201570;Wien;;;;22 479;38 469;50 940;54 351;73 344;;95 071;102 281;121 435;;
340306;SL 5526YF;WVWY615HEYS0KS8N2;VW;T-CROSS TSI;D;;;;15.05.2022;inaktiv;30.11.2025;SHS;02.06.2022;02.06.2026;02.06.2026;;48;;7 500;0,1552;0,1552;455,20;170,73;33 500,08;Kovacs Eva;Servicetechnik;KST0091;Innsbruck;;;;;5 997;34 141;57 915;88 639;115 500;123 445;;171 768;;
331385;W 936BU;WBAD49M90CPG6MRXE;BMW;Klasse 5 - X1 16d sDrive;D;;110;128;13.07.2020;inaktiv;14.10.2023;Leaseplan;26.07.2020;26.10.2024;26.10.2023;Ja;39;;7 500;;;181,85;41,05;31 396,36;Yilmaz Katharina;Innendienst;KST0080;Salzburg;;;;7 033;10 317;12 789;13 416;16 615;;;;;;
307592;S 718EY;WAUEMXLT2VVVTGH2N;AUDI;A4 AVANT;D;;110;;20.03.2023;aktiv;;Leaseplan;08.04.2023;08.04.2027;08.04.2027;;48;190 000;7 500;;;221,79;39,61;85 533,41;Binder Ali;Auﬂendienst;KST0099;Wien;;;2026 M‰rz;;;;12 006;37 471;60 774;80 155;112 566;115 443;;
331571;I 84177E;W1KB5ESVLKXDHE3BL;MERCEDES;C 180;D;ICE;95;;13.02.2018;inaktiv;30.01.2021;SHS;19.02.2018;19.02.2022;19.02.2021;Ja;36;;7 500;0,1094;0,1094;447,99;92,42;41 948,61;Gruber Georg;Auﬂendienst;KST0099;Wien;;;;;;;;;;;;;;
374364;MD 753MA;WVWR2JZP233655160;VW;Klasse 3 - Passat;D;ICE;110;;29.02.2024;aktiv;;Ayvens;09.03.2024;09.03.2030;09.03.2030;;72;135 000;7 500;0,1787;0,1787;643,63;119,71;28 476,48;Kaya Thomas;Auﬂendienst;201746;Salzburg;;;;;;;;;9 940;22 653;35 873;40 666;;
310322;G 38147V;WBANK3X6SJ8XCGEFB;BMW;316d Touring;D;;;0;28.06.2025;aktiv;;SHS;12.07.2025;12.07.2029;12.07.2029;;48;185 000;;0,0868;0,0868;354,31;119,22;29 946,29;Mayr Thomas;Auﬂendienst;201314;Wien;;;2027 September;;;;;;;;221;10 298;;
311226;W 42382B;WBA05M5B8ZYF0EMJW;BMW;Klasse 5 - X1 16d sDrive;D;ICE;158;;14.09.2017;inaktiv;12.09.2021;SHS;19.09.2017;19.09.2021;19.09.2021;;48;210 000;10 000;0,1917;0,1917;723,12;193,94;73 928,87;Fuchs Wolfgang;Auﬂendienst;201805;Wien;;;;;;;;;;;;;;
395932;WU 87715Z;TMBYJZTN8VUF5FX9H;SKODA;SUPERB;D;ICE;;;02.04.2022;aktiv;;Arval;08.04.2022;08.04.2027;08.04.2027;;60;180 000;7 500;0,1961;0,1961;379,20;133,02;28 381,93;Berger Lukas;Auﬂendienst;201242;Wien;;;;;12 663;35 930;60 685;96 872;116 901;125 709;;179 026;;Winterreifen im Depot
363699;W 183TA;VSSNHENMXRL2V39VP;SEAT;ALHAMBRA;D;ICE;125;124;24.11.2022;aktiv;;Arval;28.11.2022;28.02.2026;28.02.2026;;39;;;;;309,05;61,63;76 479,54;Winkler Stefan;Auﬂendienst;KST0058;Klagenfurt;;;2026 September;;;;24 149;;58 932;80 002;109 026;109 026;;
309071;BN 67886N;W0V13BJX1K20A4MKM;OPEL;Astra Siemens Edition;D;ICE;;;28.07.2019;inaktiv;01.09.2023;Ayvens;15.08.2019;15.09.2023;15.09.2023;;49;145 000;7 500;;;710,84;189,15;29 044,63;Fuchs Maria;Auﬂendienst;KST0120;Linz;;;;80 002;96 572;115 968;139 541;;;;;;;‹bernahme Lechner Mehmet ab 19.03.2024
399693;W 5966ZG;WVWSS87BX9G1KXF86;VW;PASSAT Siemens Edition;D;ICE;138;8;25.10.2021;inaktiv;07.10.2025;Ayvens;09.11.2021;09.11.2025;09.11.2025;;48;10 000;10 000;0,2992;0,2992;930,41;321,36;46 487,92;Weber Petra;Auﬂendienst;201485;Graz;;;;562;1 956;3 845;5 602;;8 252;9 332;10 840;11 775;;Austritt 29.07.2025
369822;BN 387UF;TMB6VLJXBHDX70KX1;SKODA;Klasse 1 - Octavia;D;;110;72;11.06.2023;aktiv;;Leaseplan;30.06.2023;30.05.2026;30.05.2026;;35;;7 500;;;593,67;105,04;50 072,42;Bauer Stefan;Auﬂendienst;201040;Wien;;;2026 Juli;;;;1 266;13 186;27 454;35 660;45 250;;;Karenz ab Mai 2025
316483;WU 33966N;WBAECNCPR8AZF09L2;BMW;X1 18d sDrive;D;;;149;28.06.2020;inaktiv;23.05.2024;Arval;15.07.2020;15.07.2024;15.07.2024;;48;110 000;10 000;0,1697;0,1697;133,96;45,73;29 268,47;Ebner Lukas;Auﬂendienst;KST0075;Linz;;;;52 290;75 965;83 253;;131 256;131 256;;;;;
316828;L 15143L;WBAL87VSEGABDAUAW;BMW;Klasse 5 - X1 16d sDrive;D;;110;0;22.04.2023;inaktiv;30.11.2025;Leaseplan;08.05.2023;08.09.2026;08.09.2026;;40;45 000;7 500;0,1267;0,1267;444,70;146,74;40 268,89;Lang Lukas;Auﬂendienst;KST0052;Linz;;;;;;;3 686;12 332;20 831;30 202;41 832;48 839;;
386474;SL 955AZ;;BMW;Klasse E 6 - BMW iX3 - Inspiring;E;BEV;73;;30.04.2025;aktiv;;Ayvens;06.05.2025;06.02.2028;06.02.2028;;33;115 000;10 000;;;436,76;145,38;49 728,76;Brunner Sarah;Innendienst;201045;Wien;143972;nein;;;;;;;;;5 444;15 262;;
362296;KL 69936X;WVWVK8304FTJYZ65L;VW;PASSAT VARIANT;D;ICE;97;182;06.05.2024;aktiv;;Leaseplan;06.05.2024;06.05.2028;06.05.2028;;48;40 000;10 000;;;407,71;120,30;30 549,24;Novak Lisa;Servicetechnik;202000;Graz;;;;;;;;;1 353;5 827;8 963;12 671;;
372063;GU 341TD;VR3PGNBBBVHPMEET5;PEUGEOT;5008 1,5 BlueHDi;D;ICE;103;;04.02.2023;aktiv;;Ayvens;21.02.2023;21.04.2027;21.04.2027;;50;;7 500;0,0964;0,0964;293,79;49,37;42 537,00;Maier Daniel;Auﬂendienst;KST0104;Klagenfurt;;;2026 Oktober;;;;7 454;19 331;27 716;37 660;50 917;58 810;;
321643;VB 64816K;WBAAJB95E9M6U1DTH;BMW;Klasse E 10 - BMW i4 xDrive40;E;BEV;109;;20.04.2020;inaktiv;19.02.2024;SHS;07.05.2020;07.04.2024;07.04.2024;;47;165 000;10 000;;;613,56;223,13;29 523,05;Leitner Julia;Auﬂendienst;KST0064;Wien;166386;nein;;55 236;76 905;85 456;101 015;126 467;;;;;;ex BERGER
334741;W 879HE;WVW0T7EM3HCRNKWJ2;VW;SHARAN;D;ICE;;;26.12.2020;inaktiv;11.11.2024;Arval;29.12.2020;29.12.2024;29.12.2024;;48;80 000;;;;142,27;24,41;24 340,06;Kovacs Markus;Auﬂendienst;KST0067;Salzburg;;;;19 397;28 504;41 630;48 477;52 329;;70 567;;;;
369163;MD 645PB;WAU025RJ793LSV8E4;AUDI;Klasse 7.1 - A4 Avant;D;;103;133;04.01.2024;aktiv;;Arval;21.01.2024;21.01.2028;21.01.2028;;48;100 000;;;;174,48;40,15;46 211,92;Bauer Lukas;Auﬂendienst;KST0093;Linz;;;;;;;;;15 594;28 916;52 104;52 712;;
379507;P 446KG;VR3NJVN0XP6MHVSPY;PEUGEOT;508 SW;D;ICE;;122;21.11.2023;aktiv;;Leaseplan;08.12.2023;08.03.2029;08.03.2029;;63;185 000;7 500;;;454,74;115,00;33 583,43;Weber Karl;Auﬂendienst;KST0127;Wien;;;2027 Dezember;;;;;3 704;20 670;35 803;51 979;63 178;;
355461;K 112LW;WVWUZSKBXRL1PBLFU;VW;CADDY MAXI VAN;D;;86;;05.03.2022;inaktiv;30.11.2025;Ayvens;23.03.2022;23.02.2027;23.02.2027;;59;180 000;7 500;;;358,65;75,38;28 352,86;Schuster Lisa;Servicetechnik;201286;Wien;;;;;8 324;22 369;34 405;;59 842;80 235;86 079;;;Karenz ab J‰nner 2025
327760;SL 54781Y;WAUZ01B8454F4TZRU;AUDI;A4 AVANT;D;;247;;24.11.2022;inaktiv;10.07.2025;Leaseplan;06.12.2022;06.09.2025;06.09.2025;;33;65 000;7 500;0,2003;0,2003;342,12;110,98;51 146,65;Horvath Nina;Auﬂendienst;201866;Wien;;;;;;2 304;14 402;26 511;39 244;51 564;64 809;64 809;;
370686;W 34753T;W1KMV74LSBNEEGUMH;MERCEDES;Klasse 6 - CLA200d;D;;110;;24.07.2016;inaktiv;11.01.2020;Leaseplan;01.08.2016;01.03.2020;01.03.2020;;43;;;;;336,18;58,18;35 383,09;Berger Christian;Auﬂendienst;KST0071;Linz;;;;;;;;;;;;;;
398994;W 43127E;TMB26Z2T3L98JCPE0;SKODA;Klasse 1 - Octavia;D;;85;65;25.06.2017;inaktiv;19.07.2021;Leaseplan;02.07.2017;02.07.2021;02.07.2021;;48;110 000;;0,1884;0,1884;359,85;101,56;18 403,97;Lechner Thomas;Auﬂendienst;KST0068;Klagenfurt;;;;;;;;;;;;;;
395673;KL 99818C;;MERCEDES;GLA 180;D;;110;;09.02.2023;aktiv;;Ayvens;23.02.2023;23.02.2027;23.02.2027;;48;100 000;;0,0262;0,0262;377,53;85,92;39 610,96;Schmidt Maria;Auﬂendienst;KST0128;Klagenfurt;;;2027 Mai;;;;9 844;23 255;39 295;50 785;71 127;;;
390422;W 95412F;TMBL8HF6Y07TYXKUS;SKODA;KODIAQ;D;;;;18.03.2023;aktiv;;Ayvens;22.03.2023;22.03.2026;22.03.2026;;36;80 000;7 500;;;351,19;95,06;30 262,26;Wolf Peter;Auﬂendienst;201414;Wien;;;;;;;7 105;19 468;;46 227;57 689;67 089;;
326365;L 54887V;WVWLYLX1FGFFAK48F;VW;Klasse E 7 - VW ID.7 Tourer Pro S;E;;119;;23.12.2022;aktiv;;Arval;06.01.2023;06.04.2027;06.04.2027;;51;215 000;7 500;;;407,04;147,50;25 554,87;Wagner Anna;Auﬂendienst;KST0087;Salzburg;162236;;;;;1 119;24 767;56 155;80 894;93 050;125 380;153 192;;
393447;WU 92845B;WVW9WV23SWXPS6KKC;VW;PASSAT VARIANT;D;;;0;24.12.2023;aktiv;;Leaseplan;25.12.2023;25.01.2026;25.01.2026;;25;;;0,2029;0,2029;693,28;219,25;32 830,21;Hofer Andrea;Auﬂendienst;KST0090;Graz;;;2027 Juli;;;;;793;20 183;44 224;68 462;68 462;;ex EDER
340857;W 313JP;WBAS98UNM3CA0Y0YA;BMW;Klasse 9 - X3 20d xDrive;D;;;176;01.02.2025;aktiv;;Leaseplan;09.02.2025;09.05.2030;09.05.2030;;63;280 000;10 000;;;439,62;174,57;25 428,17;Nguyen Ivan;Auﬂendienst;KST0117;Graz;;;2026 Juli;;;;;;;;16 894;28 958;;
352296;MD 71259U;WBAD8PVHS1YMNA4FY;BMW;216 d;D;;191;;10.08.2022;inaktiv;30.11.2025;Leaseplan;30.08.2022;30.08.2026;30.08.2026;;48;225 000;7 500;0,1917;0,1917;128,97;47,35;44 785,30;Winkler Lisa;Auﬂendienst;201425;Wien;;;;;;17 150;39 941;;81 282;103 495;;155 760;;
388039;W 74951W;WVWN7ZBY14G92PLN7;VW;Klasse E 7 - VW ID.7 Tourer Pro S;E;BEV;110;;30.01.2022;inaktiv;30.11.2025;Leaseplan;16.02.2022;16.02.2027;16.02.2026;Ja;48;245 000;;;;1 006,23;191,76;84 695,95;Fischer Mehmet;Auﬂendienst;KST0091;Salzburg;147161;;;;19 775;49 008;77 921;95 768;128 337;146 254;178 071;178 071;;Austritt 18.01.2024
385180;S 621XL;WBADWJT1KUY3E0E8W;BMW;320d xDrive;H/B;PHEV;102;;28.01.2017;inaktiv;22.02.2021;Leaseplan;16.02.2017;16.02.2021;16.02.2021;;48;;10 000;;;369,78;131,47;26 575,78;Pichler Birgit;Innendienst;201872;Wien;;;;;;;;;;;;;;
348944;W 959YK;WBA3FYUDJEGAG7C70;BMW;X1 18d sDrive;D;;85;;18.11.2016;inaktiv;02.10.2020;SHS;25.11.2016;25.11.2020;25.11.2020;;48;180 000;10 000;;;739,17;249,90;53 675,94;Schmid Claudia;Auﬂendienst;KST0122;Wien;;;;;;;;;;;;;;
357422;S 45332Y;WVW2JPUHAPHA3GYP5;VW;PASSAT;D;ICE;;136;18.09.2021;inaktiv;17.08.2025;SHS;25.09.2021;25.08.2026;25.08.2025;Ja;47;145 000;7 500;0,1862;0,1862;288,02;46,10;30 197,58;Brunner Georg;Auﬂendienst;201454;Graz;;;;;23 054;37 789;54 067;72 903;83 524;110 364;116 674;126 406;;
367839;W 75384R;WBA9KHU0TGUW2BEGS;BMW;X1;D;ICE;89;;25.06.2021;inaktiv;28.06.2025;SHS;03.07.2021;03.07.2026;03.07.2025;Ja;48;5 000;7 500;0,0938;0,0938;130,34;27,19;64 338,97;Schuster Nina;Innendienst;202000;Wien;;;;715;1 387;1 962;;3 707;4 273;5 044;5 804;;;Austritt 05.03.2025
359177;MD 91223H;;VW;Klasse E 7 - VW ID.7 Tourer Pro S;E;;224;;25.10.2018;inaktiv;17.04.2023;Ayvens;02.11.2018;02.04.2023;02.04.2023;;53;130 000;7 500;0,8420;0,8420;708,58;142,59;25 053,04;Petrovic Michael;Auﬂendienst;KST0082;Wien;156295;X;;87 456;;111 768;122 552;;;;;;;
315860;W 18476D;W0VZ5LBGBUNMLRCMN;OPEL;ZAFIRA TOURER;D;;88;;07.07.2025;aktiv;;Leaseplan;10.07.2025;10.04.2030;10.04.2029;Ja;45;100 000;7 500;0,0195;0,0195;446,93;92,66;32 841,83;Schuster Birgit;Auﬂendienst;201741;Graz;;;2027 Dezember;;;;;;;;;5 309;;
332493;K 87385L;WVWV16FHJDRH72JDM;VW;ARTEON SB R-Line;D;;89;;23.12.2021;inaktiv;30.11.2025;SHS;28.12.2021;28.12.2026;28.12.2026;;60;;;0,2095;0,2095;504,30;192,42;34 283,11;Haas Elena;Servicetechnik;KST0120;Wien;;;;564;14 394;26 863;44 580;57 303;72 299;86 655;98 233;108 268;;
329451;P 11111C;WBA7G50DBKZX1H9VV;BMW;X1 18d sDrive;D;;;;20.04.2018;inaktiv;23.03.2023;Arval;24.04.2018;24.04.2023;24.04.2023;;60;;7 500;0,0689;0,0689;303,76;101,93;38 289,39;Koller Elena;Auﬂendienst;KST0059;Wien;;;;61 920;71 943;79 377;;;;;;;;‹bernahme Schwarz Ivan ab 28.09.2024
308392;GU 37191X;TMBZBMJEDUDH2THAT;SKODA;Klasse 1 - Octavia;D;ICE;90;0;27.03.2020;inaktiv;28.01.2023;SHS;07.04.2020;07.01.2023;07.01.2023;;33;75 000;7 500;0,2148;0,2148;191,83;38,75;33 883,33;Schmid Nina;Auﬂendienst;201192;Wien;;;;44 042;56 821;70 254;;;;;;;;
344313;KL 137HY;W0VBF71W3UV99BRG0;OPEL;ASTRA WF;D;ICE;;124;06.11.2021;inaktiv;16.05.2025;Arval;24.11.2021;24.04.2025;24.04.2025;;41;100 000;;;;380,92;122,20;29 141,23;÷zt¸rk Birgit;Auﬂendienst;201063;Salzburg;;;;5 593;23 749;43 655;59 750;74 353;106 381;130 434;133 667;;;Karenz ab September 2023
302757;P 71229S;WAUAAMPBBGY3HJAS1;AUDI;Klasse 7.1 - A4 Avant;D;ICE;110;;06.06.2023;aktiv;;Arval;18.06.2023;18.03.2026;18.03.2026;;33;85 000;7 500;0,2154;0,2154;1 004,24;174,56;49 275,79;Haas Katharina;Innendienst;201938;Wien;;;;;;;2 709;;48 540;59 905;85 679;;;
377110;L 374FF;W0VYY3EFTCVJ3C0BY;OPEL;ZAFIRA WF;D;;;88;19.05.2017;inaktiv;25.10.2020;SHS;04.06.2017;04.10.2020;04.10.2020;;40;65 000;7 500;;;504,46;139,46;44 538,95;Wallner Eva;Auﬂendienst;KST0052;Wien;;;;;;;;;;;;;;
372603;MD 728XS;WVWTVCHSWA5NYWS7J;VW;ID.3 Pro;E;;88;;29.03.2024;aktiv;;Arval;31.03.2024;31.03.2029;31.03.2029;;60;215 000;;;;598,55;186,17;38 906,47;Moser Sabine;Auﬂendienst;KST0052;Wien;152556;;;;;;;;10 821;32 305;46 569;53 548;;
330161;P 39674E;WBANMNGMRVK42D3B7;BMW;Klasse E 10.1 - BMW i4 eDrive40;E;BEV;;;29.01.2021;inaktiv;20.04.2024;Arval;06.02.2021;06.04.2024;06.04.2024;;38;90 000;7 500;0,2229;0,2229;481,40;107,64;33 005,87;Brunner Maria;Auﬂendienst;KST0077;Linz;152465;;;26 065;42 024;56 564;70 224;83 525;101 153;;;;;
377128;W 24198P;W0VXYHTNU2KSW9UCB;OPEL;ZAFIRA WF;D;ICE;87;0;31.10.2021;inaktiv;28.09.2025;Arval;04.11.2021;04.09.2025;04.09.2025;;46;190 000;10 000;;;541,06;173,91;34 522,03;Haas Franz;Servicetechnik;KST0057;Wien;;;;7 064;23 702;46 941;62 331;89 742;105 057;127 035;135 258;148 089;;
332098;K-124XG;;PEUGEOT;508 SW;D;ICE;;;09.12.2020;inaktiv;30.11.2025;Ayvens;19.12.2020;19.12.2026;19.12.2026;;72;105 000;;;;534,58;101,18;29 477,75;Fischer Stefan;Auﬂendienst;201464;Wien;;;;24 325;37 095;50 292;53 868;71 143;83 358;98 518;113 325;113 325;;
344597;BN-85562U;WVW608NSKA3BRZAYA;VW;MULTIVAN;D;ICE;100;28;15.09.2021;inaktiv;22.07.2025;Leaseplan;15.09.2021;15.09.2025;15.09.2025;;48;;10 000;0,1049;0,1049;114,62;22,94;81 424,83;Brunner Mehmet;Innendienst;201145;Linz;;;;820;2 139;4 031;5 053;7 425;8 890;9 103;10 321;;;‹bernahme Fischer Nina ab 27.02.2024
336434;G-86297T;WVWKLKMD3WW5VMHJN;VW;TOURAN;D;ICE;;0;04.01.2017;inaktiv;23.09.2019;Ayvens;12.01.2017;12.10.2019;12.10.2019;;33;155 000;;0,3048;0,3048;396,39;97,18;33 887,48;Gruber Mehmet;Auﬂendienst;201487;Klagenfurt;;;;;;;;;;;;;;
